barid,region,dsid,nproj,cost,prepass_co,prepass_ch,prepass_st,prepass_ct,prepass_cu,prepass_fish,prepass_agrinf,postpass,s_co,s_ch,s_st,s_ct,s_cu,s_agri_current,s_roadrail_current,s_inundhab_current,s_building_current,s_publicuse_current,s_agri_future,s_roadrail_future,s_inundhab_future,s_building_future,s_publicuse_future,coho_salmon,chinook_salmon,steelhead,cutthroat_trout,chum,agri_current,roadrail_current,inundhab_current,building_current,publicuse_current,agri_future,roadrail_future,inundhab_future,building_future,publicuse_future,barriertype,name,primarytg,dominanttg,exclude_reason,lon,lat
039Ats1,Coquille,NA,0,0,0,0,0,0,0,0,0,1,0,0,0,0,0,0,0,0,0,0,0,0,0,0,0,,,,0,,,,,,,,,,,,Tide gate,Fat Elk,0,0,landowner not in interested,-124.22910478,43.17654891
039Bts1,Coquille,NA,0,0,0,0,0,0,0,0,0,1,0,0,0,0,0,0,0,0,0,0,0,0,0,0,0,,,,0,,,,,,,,,,,,Tide gate,Fat Elk,0,0,landowner not in interested,-124.22904806,43.17656143
039Cts1,Coquille,NA,0,0,0,0,0,0,0,0,0,1,0,0,0,0,0,0,0,0,0,0,0,0,0,0,0,,,,0,,,,,,,,,,,,Tide gate,Fat Elk,0,0,landowner not in interested,-124.22899972,43.17658578
039Dts1,Coquille,NA,0,0,0,0,0,0,0,0,0,1,0,0,0,0,0,0,0,0,0,0,0,0,0,0,0,,,,0,,,,,,,,,,,,Tide gate,Fat Elk,0,0,landowner not in interested,-124.22893086,43.17660141
039Ets1,Coquille,NA,0,0,0,0,0,0,0,0,0,1,0,0,0,0,0,0,0,0,0,0,0,0,0,0,0,,,,0,,,,,,,,,,,,Tide gate,Fat Elk,1,0,landowner not in interested,-124.22888267,43.17662331
0ts2,Coos,46ts2,0,0,0,0,0,0,0,0,0,1,0,0,0,0,0,0,0,0,0,0,0,0,0,0,0,,,,0,,,,,,,,,,,,Tide gate,,0,0,Non-primary,-124.1841823,43.42460819
100ts1,Coquille,NA,0,0,0,0,0,0,0,0,0,1,0,0,0,0,0,0,0,0,0,0,0,0,0,0,0,,,,0,,,,,,,,,,,,Tide gate,Winter Lake,0,0,Replaced and restored. Winter Lake,-124.22114685,43.18690963
100ts2,Coos,99ts2,1,85000,0,0,0,0,0,0,0,1,0,0,0,0,0,0.00610639856478759,0.0183749655580349,0.00599922046387871,0,0,0.00798124875999026,0.0162010569584048,0.00704347034855326,0,0,,,,0,,10.7735013961792,0.047508280724287,10.7777738571167,,,15.217993736267,0.060866180807352,13.2900114059448,,,Tide gate,,1,0,,-124.2163056,43.48989397
10145fs1,Coquille,15ts1,1,75000,1,1,1,1,0,0,0,1,0.0694925673483677,0,0.0905269986652248,0.083448479962958,0,0,0,0,0,0,0,0,0,0,0,1.04073223985124,,1.05097389132509,1.92029073520186,,,,,,,,,,,,Upstream,Alder Creek,0,0,,-124.28652286,43.14035302
10150fs2,Coos,10151fs2,1,150000,1,0,1,1,0,0,0,1,0,0,0,0.0182893158532831,0,0,0,0,0,0,0,0,0,0,0,,,,0.42086810690656,,,,,,,,,,,,Upstream,,0,0,,-124.14857013,43.42819757
10151fs2,Coos,46ts2,1,300000,1,1,1,1,0,0,0,1,0.097508010081738,0,0.125784494960372,0.132579666462942,0,0,0,0,0,0,0,0,0,0,0,1.46029616702869,,1.46029606731727,3.05088247620511,,,,,,,,,,,,Upstream,,0,0,,-124.17084258,43.43144802
10152fs2,Coos,46ts2,1,150000,1,0,1,1,0,0,0,1,0,0,0,0.0353917633896301,0,0,0,0,0,0,0,0,0,0,0,,,,0.814424365425602,,,,,,,,,,,,Upstream,,0,0,,-124.17352985,43.43142484
10153fs2,Coos,48ts2,1,300000,1,0,1,1,0,0,0,1,0.200048253558158,0.0605679054045474,0.275082928651217,0.14219476184233,0,0,0,0,0,0,0,0,0,0,0,2.99595589784756,0.435986614242381,3.19357738823091,3.27214209151885,,,,,,,,,,,,Upstream,,0,0,,-124.13997732,43.47646442
101ts1,Coquille,NA,0,0,0,0,0,0,0,0,0,1,0,0,0,0,0,0,0,0,0,0,0,0,0,0,0,,,,0,,,,,,,,,,,,Tide gate,Winter Lake,0,0,Replaced and restored. Winter Lake,-124.22095381,43.18441245
101ts2,Coos,NA,0,0,0,0,0,0,0,0,0,1,0,0,0,0,0,0,0,0,0,0,0,0,0,0,0,,,,0,,,,,,,,,,,,Tide gate,,0,0,Non-primary,-124.0634667,43.35725241
10245fs1,Coquille,3978fs1,0,75000,1,1,1,1,0,0,0,1,0,0,0,0,0,0,0,0,0,0,0,0,0,0,0,,,,0,,,,,,,,,,,,Upstream,Sevenmile Creek,0,0,Stream barrier other than culvert,-124.33608635,43.17698942
102ts1,Coquille,NA,0,0,0,0,0,0,0,0,0,1,0,0,0,0,0,0,0,0,0,0,0,0,0,0,0,,,,0,,,,,,,,,,,,Tide gate,Winter Lake,0,0,Replaced and restored. Winter Lake,-124.24036865,43.19279781
102ts2,Coos,NA,0,0,0,0,0,0,0,0,0,1,0,0,0,0,0,0,0,0,0,0,0,0,0,0,0,,,,0,,,,,,,,,,,,Tide gate,,0,0,Non-primary,-124.07666543,43.36106622
10317fs2,Coos,10151fs2,0,0,0,0,0,0,0,0,0,1,0,0,0,0.108399970064429,0,0,0,0,0,0,0,0,0,0,0,,,,2.49446674526945,,,,,,,,,,,,Upstream,,0,0,Stream barrier other than culvert,-124.0906188,43.45547944
103ts1,Coquille,NA,0,0,0,0,0,0,0,0,0,1,0,0,0,0,0,0,0,0,0,0,0,0,0,0,0,,,,0,,,,,,,,,,,,Tide gate,Winter Lake,0,0,Replaced and restored. Winter Lake,-124.24022034,43.19158436
103ts2,Coos,NA,0,0,0,0,0,0,0,0,0,1,0,0,0,0,0,0,0,0,0,0,0,0,0,0,0,,,,0,,,,,,,,,,,,Tide gate,,0,0,Non-primary,-124.0959907,43.38051844
104ts1,Coquille,NA,0,0,0,0,0,0,0,0,0,1,0,0,0,0,0,0,0,0,0,0,0,0,0,0,0,,,,0,,,,,,,,,,,,Tide gate,Winter Lake,0,0,Replaced and restored. Winter Lake,-124.24040582,43.19082829
104ts2,Coos,NA,0,0,0,0,0,0,0,0,0,1,0,0,0,0,0,0,0,0,0,0,0,0,0,0,0,,,,0,,,,,,,,,,,,Tide gate,,0,0,Non-primary,-124.04596825,43.40559738
10571fs1,Coquille,3703fs1,1,75000,1,1,1,1,0,0,0,1,0,0,0,0,0,0,0,0,0,0,0,0,0,0,0,,,,0,,,,,,,,,,,,Upstream,Gray Creek,0,0,,-124.1562611,43.11440814
105ts1,Coquille,NA,0,0,0,0,0,0,0,0,0,1,0,0,0,0,0,0,0,0,0,0,0,0,0,0,0,,,,0,,,,,,,,,,,,Tide gate,Winter Lake,0,0,Replaced and restored. Winter Lake,-124.24047064,43.18779885
105ts2,Coos,NA,0,0,0,0,0,0,0,0,0,1,0,0,0,0,0,0,0,0,0,0,0,0,0,0,0,,,,0,,,,,,,,,,,,Tide gate,,0,0,Non-primary,-124.04377787,43.40843206
106ts1,Coquille,NA,0,0,0,0,0,0,0,0,0,1,0,0,0,0,0,0,0,0,0,0,0,0,0,0,0,,,,0,,,,,,,,,,,,Tide gate,Winter Lake,0,0,Replaced and restored. Winter Lake,-124.24030338,43.18777981
106ts2,Coos,NA,1,300000,0,0,0,0,0,0,0,1,0.0980065228919855,0,0.114321590947286,0.0907296261637528,0,0.0343052395530875,0.0511229244796981,0.0338336411031852,0,0,0.0398937861835562,0.191381818479508,0,0,0,1.4677619777391,,1.32721739449978,2.08784223041475,,60.5246353149414,0.132177785038948,60.7831192016601,,,76.0662155151367,0.719007432460784,,,,Tide gate,,1,0,,-124.10685027,43.37652173
107ts1,Coquille,NA,0,0,0,0,0,0,0,0,0,1,0,0,0,0,0,0,0,0,0,0,0,0,0,0,0,,,,0,,,,,,,,,,,,Tide gate,Winter Lake,0,0,Replaced and restored. Winter Lake,-124.24054536,43.18638403
107ts2,Coos,NA,0,0,0,0,0,0,0,0,0,1,0,0,0,0,0,0,0,0,0,0,0,0,0,0,0,,,,0,,,,,,,,,,,,Tide gate,,0,0,Non-primary,-124.1087329,43.37742695
108ts2,Coos,NA,0,0,0,0,0,0,0,0,0,1,0,0,0,0,0,0,0,0,0,0,0,0,0,0,0,,,,0,,,,,,,,,,,,Tide gate,,0,0,Non-primary,-124.1120124,43.37693085
109ts2,Coos,NA,1,60000,0,0,0,0,0,0,0,1,0.0111438870205798,0,0,0,0,0.00277495760301822,0.0584646246900107,0.00272517146176444,0,0,0.00325451264512235,0.0512907521609129,0,0.0122950819672131,0,0.166892704387179,,,0,,4.89584970474243,0.151159673929214,4.89584970474243,,,6.20543909072876,0.192695587873458,,3,,Tide gate,,1,0,,-124.11936357,43.37771156
10Ats1,Coquille,NA,1,550000,0,0,0,0,0,0,0,1,0.209886222140652,0,0,0.616033330353902,0,0.46403164658819,0.0532638591562465,0.459202709271608,0,0,0.497847128622404,0.0649003277256593,0.479906736836698,0,0,3.14329095063267,,,14.175969381099,,818.689697265625,0.137713149189949,824.971008300781,,,949.254272460937,0.243825763463974,905.514709472656,,,Tide gate,Foster Dairy,1,0,,-124.27287483,43.18261515
10ts2,Coos,NA,1,60000,0,0,0,0,0,0,0,1,0,0,0,0,0,0.00260035702623626,0.0156050442931969,0.00310072647478461,0.0108108108108108,0,0.00254383506450803,0.0115237261982909,0.00316778827821494,0.00819672131147541,0,,,,0,,4.58780241012573,0.0403466783463954,5.5705451965332,2,,4.8503770828247,0.0432937927544117,5.97715902328491,2,,Tide gate,,1,0,,-124.15580654,43.32542639
10ts5,Umpqua,NA,0,0,0,0,0,0,0,0,0,1,0,0,0,0,0,0,0,0,0,0,0,0,0,0,0,,,,0,,,,,,,,,,,,Tide gate,Butler Cr Farms,0,0,Non-primary tide gate,-124.0669,43.70293333
110ts2,Coos,NA,1,85000,0,0,0,0,0,0,0,1,0,0,0,0,0,0,0,0,0,0,0,0,0,0,0,,,,0,,,,,,,,,,,,Tide gate,,0,0,,-124.12462524,43.37875099
111ts2,Coos,NA,1,60000,0,0,0,0,0,0,0,1,0,0,0,0,0,0.00632109536610844,0,0.00636877828159986,0,0,0.00626716087050076,0,0.00631649958860385,0,0,,,,0,,11.1522903442382,,11.4416952133178,,,11.9497108459472,,11.9183225631713,,,Tide gate,,1,0,,-124.1554234,43.36564049
112ts2,Coos,NA,1,60000,0,0,0,0,0,0,0,1,0,0,0,0,0,0.0152061934265828,0,0.014933375675045,0.0054054054054054,0,0.015038898333254,0.0450246298759996,0.0148203759128236,0.0040983606557377,0,,,,0,,26.8282432556152,,26.8282432556152,1,,28.6749439239501,0.169154226779937,27.9639091491699,1,,Tide gate,,1,0,,-124.1742446,43.35290119
113ts2,Coos,NA,1,60000,0,0,0,0,0,0,0,1,0,0,0,0,0,0.0157167059649811,0,0.0154347289926606,0.0162162162162162,0,0.0145443949335066,0,0.0146975027319123,0.0122950819672131,0,,,,0,,27.7289390563964,,27.7289390563964,3,,27.7320652008056,,27.7320652008056,3,,Tide gate,,1,0,,-124.17215617,43.35323585
114ts2,Coos,NA,1,60000,0,0,0,0,0,0,0,1,0,0,0,0,0,0.0152077134268983,0.0229508811702411,0.0150622632186794,0,0,0.0148158156195868,0.0816954031085263,0.0149454274990795,0,0,,,,0,,26.8309249877929,0.0593392625451087,27.05979347229,,,28.2495880126953,0.306923627853393,28.1998634338378,,,Tide gate,,1,0,,-124.15757864,43.33629193
115ts2,Coos,NA,1,150000,0,0,0,0,0,0,0,1,0,0,0.0683890182176671,0.0403637078491647,0,0.0386958739779543,0,0.0398546032911499,0,0,0.0364117756158402,0,0.0388670940079979,0,0,,,0.7939628360587,0.928837220948203,,68.2710189819336,,71.5999526977539,,,69.427001953125,,73.3365936279296,,,Tide gate,,1,0,,-124.15980109,43.32803009
116ts2,Coos,NA,1,60000,0,0,0,0,0,0,0,1,0,0,0,0,0,0.0134325725178961,0.08450966629655,0.0135466521288813,0.0162162162162162,0,0.012688929828461,0.0714406652953998,0.0131956160772112,0.0163934426229508,0,,,,0,,23.6990489959716,0.218498855829238,24.3369541168212,3,,24.1942157745361,0.268397331237792,24.8982219696044,4,,Tide gate,,1,0,,-124.15650421,43.31882739
117ts2,Coos,NA,1,60000,0,0,0,0,0,0,0,1,0,0,0,0,0,0.00298490710605639,0.017717035270232,0.00366600758512202,0,0,0.0028746893893643,0.0317533494118301,0.00365959411603881,0,0,,,,0,,5.26626300811767,0.0458072088658809,6.5860891342163,,,5.48122310638427,0.119295001029968,6.90512561798095,,,Tide gate,,1,0,,-124.15294422,43.31221381
118ts2,Coos,NA,1,60000,0,0,0,0,0,0,0,1,0,0,0,0,0,0.000984253379974755,0.0145652266152198,0.00101202995811999,0,0,0.00110915287460266,0.0168173621174979,0.00114002661277446,0,0,,,,0,,1.73651540279388,0.0376582406461238,1.81814122200012,,,2.11484217643737,0.0631815940141677,2.15106558799743,,,Tide gate,,1,0,,-124.15039568,43.31240472
119ts2,Coos,NA,1,85000,0,0,0,0,0,0,0,1,0,0,0,0.0229606062614502,0,0.00391776892130987,0.0242486821914016,0.00518996033696297,0.0162162162162162,0.181818181818181,0.0121339394418776,0.164045169178328,0.009501006243336,0.0286885245901639,0.103448275862068,,,,0.528362403941358,,6.91210842132568,0.06269471347332,9.32391452789306,3,2,23.1360054016113,0.616305649280548,17.9270267486572,7,3,Tide gate,,1,0,,-124.19297582,43.33322268
11Ats1,Coquille,NA,0,0,0,0,0,0,0,0,0,1,0,0,0,0,0,0,0,0,0,0,0,0,0,0,0,,,,0,,,,,,,,,,,,Tide gate,,0,0,,-124.27709809,43.19199485
11Bts1,Coquille,NA,0,0,0,0,0,0,0,0,0,1,0,0,0,0,0,0,0,0,0,0,0,0,0,0,0,,,,0,,,,,,,,,,,,Tide gate,,0,0,,-124.27708143,43.19195628
11ts2,Coos,NA,1,60000,0,0,0,0,0,0,0,1,0,0,0,0,0,0.00112120766515878,0.00566720280422606,0.00145177062069898,0.0108108108108108,0,0.00103804719150958,0.00493901644987095,0.00144596898595314,0.00819672131147541,0,,,,0,,1.97814345359802,0.0146524934098124,2.60814809799194,2,,1.97926366329193,0.0185555219650268,2.72833466529846,2,,Tide gate,,1,0,,-124.15519991,43.3235537
11ts5,Umpqua,NA,0,0,0,0,0,0,0,0,0,1,0,0,0,0,0,0,0,0,0,0,0,0,0,0,0,,,,0,,,,,,,,,,,,Tide gate,Butler Cr Farms,0,0,Non-primary tide gate,-124.06805,43.7028
120ts2,Coos,NA,1,85000,0,0,0,0,0,0,0,1,0,0,0,0.0123339969092771,0,0.00638937105595593,0,0.00666603001641076,0.0216216216216216,0,0.006355311498289,0,0.00677425078463835,0.0204918032786885,0,,,,0.283826140433076,,11.2727489471435,,11.9757165908813,4,,12.1177892684936,,12.7820329666137,5,,Tide gate,,1,0,,-124.20086618,43.32945936
121ts2,Coos,NA,1,85000,0.400000005960464,0.400000005960464,0.400000005960464,0.400000005960464,0,0,0,1,0,0,0,0.0107919153824875,0,0.0196237835327204,0.0745441753473174,0.0197145059211807,0.0756756756756756,0,0.019143087488685,0.0818292107752835,0.0202830846539921,0.0737704918032786,0,,,,0.248340234996159,,34.6221847534179,0.19273318350315,35.417682647705,14,,36.5004768371582,0.307426333427429,38.2712516784668,18,,Tide gate,,1,1,,-124.22033928,43.34752754
12241fs2,Coos,15621fs2,0,0,0.400000005960464,0.400000005960464,0.400000005960464,0.400000005960464,0,0,0,1,0,0,0,0,0,0,0,0,0,0,0,0,0,0,0,,,,0,,,,,,,,,,,,Upstream,,0,0,Stream barrier other than culvert,-124.22848983,43.26957516
122ts2,Coos,NA,1,60000,0,0,0,0,0,0,0,1,0,0,0,0,0,0.01399420074258,0.0167781502433207,0.0137997356284491,0.0324324324324324,0,0.0132522239588671,0.0133134681938192,0.0132455799013283,0.0286885245901639,0,,,,0,,24.6899280548095,0.0433797314763069,24.7916259765625,6,,25.2682590484619,0.0500177219510078,24.9924964904785,7,,Tide gate,Noble Creek,1,0,,-124.22544681,43.34434475
123ts2,Coos,NA,1,300000,0,0,0,0,0,0,0,1,0,0,0,0.000370475716342515,0,0.0676858259412741,0.0916022789422932,0.0717680037719218,0.0216216216216216,0,0.0640675779779264,0.100537066278487,0.0712813369320198,0.0163934426229508,0,,,,0.00852527315087821,,119.417907714843,0.236836731433868,128.933303833007,4,,122.158828735351,0.377710372209548,134.497589111328,4,,Tide gate,Willanch Slough,1,0,,-124.2003543,43.46675695
124ts2,Coos,52ts2,1,85000,0,0,0,0,0,0,0,1,0,0,0.0705537014106859,0.0358995502998791,0,0.0367048465376546,0,0.0394311479533491,0,0,0.0340089176346718,0,0.0381557430714296,0,0,,,0.819093742334144,0.826109401505838,,64.7582550048828,,70.8392028808593,,,64.8454284667968,,71.9943771362304,,,Tide gate,Kentuck Slough,1,0,,-124.1837666,43.46674904
125ts2,Coos,52ts2,0,0,0,0,0,0,0,0,0,1,0,0,0,0,0,0,0,0,0,0,0,0,0,0,0,,,,0,,,,,,,,,,,,Tide gate,Larson Slough,0,0,Non-primary,-124.18746214,43.46591716
126ts2,Coos,48ts2,0,0,0,0,0,0,0,0,0,1,0,0,0,0,0,0,0,0,0,0,0,0,0,0,0,,,,0,,,,,,,,,,,,Tide gate,Palouse Slough,0,0,Non-primary,-124.19215368,43.46097607
127ts2,Coos,48ts2,1,60000,0,0,0,0,0,0,0,1,0,0,0,0.0202510110740742,0,0.010866039012194,0,0.0113297086629993,0,0,0.0104310707595732,0,0.0111192187325828,0,0,,,,0.466010033511419,,19.1709213256835,,20.3541507720947,,,19.8891143798828,,20.9803600311279,,,Tide gate,,1,0,,-124.18553636,43.45884284
128ts2,Coos,52ts2,0,0,0,0,0,0,0,0,0,1,0,0,0,0,0,0,0,0,0,0,0,0,0,0,0,,,,0,,,,,,,,,,,,Tide gate,,0,0,Non-primary,-124.18508347,43.46850913
129ts2,Coos,45ts2,1,60000,0,0,0,0,0,0,0,1,0,0,0,0,0,0.00824619738731881,0.0371105602753291,0.00809824890454453,0,0,0.0078022326073249,0.0301407580025044,0.00783937727633755,0,0,,,,0,,14.5487422943115,0.0959489643573761,14.5487394332885,,,14.8766603469848,0.113236613571643,14.7917728424072,,,Tide gate,,1,0,,-124.1804086,43.40119479
12Ats1,Coquille,NA,0,0,0,0,0,0,0,0,0,1,0,0,0,0,0,0,0,0,0,0,0,0,0,0,0,,,,0,,,,,,,,,,,,Tide gate,Winter Lake,0,0,Replaced and restored. Winter Lake,-124.25959186,43.19541777
12Bts1,Coquille,NA,0,0,0,0,0,0,0,0,0,1,0,0,0,0,0,0,0,0,0,0,0,0,0,0,0,,,,0,,,,,,,,,,,,Tide gate,Winter Lake,0,0,Replaced and restored. Winter Lake,-124.25958111,43.19535752
12Dts1,Coquille,NA,0,815000,0,0,0,0,0,0,0,1,1,0,0.282809434450596,0.426216729451483,0,1,0.737541022593468,1,0.0054054054054054,0,1,0.557278438999823,1,0.0040983606557377,0.0689655172413793,14.9761662226987,,3.28327831708142,9.80796818728187,,1764.29711914062,1.90690457820892,1796.52905273437,1,,1906.71838378906,2.0936541557312,1886.85559082031,1,2,Tide gate,Winter Lake,1,0,Replaced and restored. Winter Lake,-124.26004247,43.19569185
12ts2,Coos,NA,1,85000,0,0,0,0,0,0,0,1,0,0,0,0.0126005404204707,0,0.00406693138470359,0.0329284982731527,0.00444937347100318,0.0108108108108108,0,0.00439072233516265,0.0283014598521154,0.00485377722507315,0.00819672131147541,0,,,,0.289959757669728,,7.17527532577514,0.0851362869143486,7.9934287071228,2,,8.37187099456787,0.106326505541801,9.15837669372558,2,,Tide gate,,1,0,,-124.15371161,43.32116867
12ts5,Umpqua,NA,0,0,0,0,0,0,0,0,0,1,0,0,0,0,0,0,0,0,0,0,0,0,0,0,0,,,,0,,,,,,,,,,,,Tide gate,,0,0,Non-primary tide gate,-124.10878333,43.70525
130ts2,Coos,45ts2,1,150000,0,0,0,0,0,0,0,1,0,0,0,0.0680146574032467,0,0.0201372668825462,0.0142892845767589,0.0208020454651391,0,0,0.0291682501232247,0.0586019751496602,0.0268123143695388,0.0122950819672131,0.0344827586206896,,,,1.56513236103712,,35.5281219482421,0.0369447953999042,37.3714790344238,,,55.6156387329101,0.220163315534591,50.590965270996,3,1,Tide gate,,1,0,,-124.18018599,43.40123539
132ts2,Coos,99ts2,0,0,0,0,0,0,0,0,0,1,0,0,0,0,0,0,0,0,0,0,0,0,0,0,0,,,,0,,,,,,,,,,,,Tide gate,,0,0,Non-primary,-124.21254051,43.49034909
133ts2,Coos,99ts2,1,85000,0,0,0,0,0,0,0,1,0,0,0,0.027566080492968,0,0.0119949992465295,0.0258135265907185,0.0135585207097616,0,0,0.0113385256116949,0.0195821824668231,0.0135990607904926,0,0,,,,0.634342159377529,,21.162742614746,0.0667406022548675,24.3582763671875,,,21.6193752288818,0.0735688209533691,25.6594638824462,,,Tide gate,,1,0,,-124.21221968,43.49007527
134ts2,Coos,99ts2,0,0,0,0,0,0,0,0,0,1,0,0,0,0,0,0,0,0,0,0,0,0,0,0,0,,,,0,,,,,,,,,,,,Tide gate,,0,0,Non-primary,-124.20799677,43.49244674
135ts2,Coos,22ts2,1,150000,0,0,0,0,0,0,0,1,0,0,0,0.0436890919866599,0,0.0414853102326265,0.106325492799047,0.0417379057557684,0.027027027027027,0,0.0397708615653287,0.110777271506512,0.0413569496544667,0.0204918032786885,0,,,,1.0053599371565,,73.1924133300781,0.274903446435928,74.9833602905273,5,,75.8318328857421,0.416182070970535,78.0345916748046,5,,Tide gate,,1,0,,-124.21523276,43.25452401
136ts2,Coos,NA,1,60000,0,0,0,0,0,0,0,1,0,0,0,0,0,0.00120180822242938,0.0102461279819618,0.00118101735861544,0,0,0.00159099634110298,0.00779265403762809,0.00137520644509899,0,0,,,,0,,2.12034678459167,0.0264912564307451,2.12173199653625,,,3.03358197212219,0.0292764287441968,2.59481596946716,,,Tide gate,,1,0,,-124.14045865,43.37491307
13743fs2,Coos,67ts2,1,150000,1,1,1,1,0,0,0,1,0,0,0,0,0,0,0,0,0,0,0,0,0,0,0,,,,0,,,,,,,,,,,,Upstream,,0,0,,-124.22828528,43.26945918
137ts2,Coos,NA,1,85000,0,0,0,0,0,0,0,1,0,0,0,0.00554322481182239,0,0.00178008050462211,0,0.00184919568902565,0,0,0.00202187696785024,0,0.00210767982662327,0,0,,,,0.12755898314755,,3.14059090614318,,3.32213377952575,,,3.85514998435974,,3.97688746452331,,,Tide gate,,1,0,,-124.15541926,43.31205772
138ts2,Coos,NA,1,85000,0,0,0,0,0,0,0,1,0,0,0,0.010734151426572,0,0.00113284469460127,0.120330992816614,0.00813718250001393,0.0972972972972973,0.818181818181818,0.00166229239960218,0.120886540681211,0.009439527702151,0.0942622950819672,0.310344827586206,,,,0.247010988622559,,1.99867463111877,0.311114519834518,14.6186847686767,18,9,3.16952347755432,0.45416185259819,17.8110256195068,23,9,Tide gate,,1,0,,-124.19731426,43.34727105
139ts2,Coos,NA,1,150000,0,0,0,0,0,0,0,1,0,0,0,0.0232902858146703,0,0,0,0.00228271699863954,0,0,0,0,0.00336983183592209,0.00819672131147541,0,,,,0.535948888343652,,,,4.10096740722656,,,,,6.35838603973388,2,,Tide gate,,1,0,,-124.22958928,43.26534118
13ts1,Coquille,NA,1,815000,0,0,0,0,0,0,0,1,0.224896693679883,0,0.316263377322068,0.299861153594395,0,0.0375791342866959,0,0.0383660354513905,0,0,0.0471739557845578,0.0126115490929763,0.0454554530238845,0,0,3.36809026748528,,3.67166212564906,6.90031256830396,,66.3007583618164,,68.9256973266601,,,89.9474487304687,0.0473806634545326,85.7678756713867,,,Tide gate,Hatchet Slough,1,0,,-124.2961944,43.15446634
13ts2,Coos,NA,1,85000,0,0,0,0,0,0,0,1,0,0,0,0,0,0.0245388396880618,0,0.0250467867760681,0,0,0.0230790580593126,0.00352252371413275,0.0241943725322458,0.0040983606557377,0,,,,0,,43.2938041687011,,44.9972801208496,,,44.0052642822265,0.0132338628172874,45.6512870788574,1,,Tide gate,,1,0,,-124.14913287,43.3115369
13ts5,Umpqua,NA,1,85000,0,0,0,0,0,0,0,1,0,0,0,0,0,0.0262318367962299,0.80898403211485,0.0257612054861649,1,0.181818181818181,0.0415940520057923,1,0.0370042956252978,1,1,,,,0,,46.2807540893554,2.09161972999572,46.2807540893554,185,2,79.3081436157226,3.75692653656005,69.8217620849609,244,29,Tide gate,,1,0,,-124.10947324,43.70312885
14072fs5,Umpqua,5ts5,1,75000,0,0,0,0,0,0,0,1,0,0,0,0,0,0,0,0,0,0,0,0,0,0,0,,,,0,,,,,,,,,,,,Upstream,,0,0,Non-primary tide gate,-124.11233235,43.74168822
140ts2,Coos,48ts2,0,0,0,0,0,0,0,0,0,1,0,0,0,0,0,0,0,0,0,0,0,0,0,0,0,,,,0,,,,,,,,,,,,Tide gate,,0,0,Non-primary,-124.19105319,43.46071668
14158fs2,Coos,15622fs2,1,75000,1,1,1,1,0,0,0,1,0,0,0,0,0,0,0,0,0,0,0,0,0,0,0,,,,0,,,,,,,,,,,,Upstream,,0,0,,-124.22803928,43.27066218
141ts2,Coos,48ts2,0,0,0,0,0,0,0,0,0,1,0,0,0,0,0,0,0,0,0,0,0,0,0,0,0,,,,0,,,,,,,,,,,,Tide gate,,0,0,Non-primary,-124.18934793,43.46003129
142ts2,Coos,NA,1,60000,0,0,0,0,0,0,0,1,0,0,0,0.00504885058063997,0,0.00615630019676717,0.019982254376919,0.00609294021009207,0,0,0.00570910597130431,0.0137516817580264,0.00583658728798849,0,0,,,,0.11618259550953,,10.8615427017211,0.0516639091074466,10.9461441040039,,,10.8856573104858,0.0516640581190586,11.0127973556518,,,Tide gate,,1,0,,-124.20430937,43.45794923
143ts2,Coos,NA,1,85000,0,0,0,0,0,0,0,1,0,0,0,0,0,0.00322754445371733,0.0233103173096279,0.00325633557778719,0,0,0.00317895467835227,0.0264936721062957,0.00330210213062963,0,0,,,,0,,5.69434738159179,0.0602685809135437,5.85010147094726,,,6.06137132644653,0.0995347797870636,6.23058986663818,,,Tide gate,,1,0,,-124.20591837,43.45748047
144ts2,Coos,NA,1,60000,0,0,0,0,0,0,0,1,0,0,0,0,0,0.00312010226925366,0,0.0041189918438611,0,0,0.00337603029844357,0,0.00418861859042185,0.0040983606557377,0,,,,0,,5.50478744506835,,7.39988851547241,,,6.43713903427124,,7.90331840515136,1,,Tide gate,,1,0,,-124.20606372,43.45618138
145ts2,Coos,48ts2,0,0,0,0,0,0,0,0,0,1,0,0,0,0,0,0,0,0,0,0,0,0,0,0,0,,,,0,,,,,,,,,,,,Tide gate,,0,0,Non-primary,-124.17053827,43.45666213
146ts2,Coos,48ts2,1,1000000,0,0,0,0,0,0,0,1,0,0,0,0.0112959713084281,0,0,0,0,0,0,0,0,0,0,0,,,,0.259939414813897,,,,,,,,,,,,Tide gate,,1,0,QA - Excluded from Coos 2019 with NPROJ=0,-124.16653756,43.45799666
14762fs5,Umpqua,1ts5,1,75000,0,0,0,0,0,0,0,1,0,0,0,0,0,0,0,0,0,0,0,0,0,0,0,,,,0,,,,,,,,,,,,Upstream,,0,0,Non-primary tide gate,-124.13363834,43.69189421
14766fs2,Coos,8917fs2,1,150000,0.400000005960464,0,0.100000001490116,0.100000001490116,0,0,0,1,0,0,0,0.0303557854403276,0,0,0,0,0,0,0,0,0,0,0,,,,0.698537990946173,,,,,,,,,,,,Upstream,,0,0,,-124.26098492,43.27199404
147ts2,Coos,48ts2,0,0,0,0,0,0,0,0,0,1,0,0,0,0,0,0,0,0,0,0,0,0,0,0,0,,,,0,,,,,,,,,,,,Tide gate,,0,0,Non-primary,-124.1670882,43.45672942
148ts2,Coos,99ts2,0,0,0,0,0,0,0,0,0,1,0,0,0,0,0,0,0,0,0,0,0,0,0,0,0,,,,0,,,,,,,,,,,,Tide gate,,0,0,Non-primary,-124.2058507,43.49371313
149ts2,Coos,99ts2,0,0,0,0,0,0,0,0,0,1,0,0,0,0,0,0,0,0,0,0,0,0,0,0,0,,,,0,,,,,,,,,,,,Tide gate,,0,0,Non-primary,-124.20296117,43.49397546
14ts1,Coquille,NA,1,390000,0,0,0,0,0,0,0,1,0.109816083143728,0,0,0.0851855195850001,0,0.0957106793258923,0,0.0975863066979063,0,0,0.107462108919574,0,0.104985414166066,0,0,1.64462391508618,,,1.96026295631801,,168.862075805664,,175.316635131835,,,204.899978637695,,198.092315673828,,,Tide gate,Seestrom Creek,1,0,,-124.297129,43.14594066
14ts2,Coos,NA,1,150000,0,0,0,0,0,0,0,1,0.0492413638293073,0,0.0386173637536598,0.0634150948900375,0,0.0033220058246758,0.0120734072158821,0.00492308660597427,0,0,0.00487455921034899,0.0295617312643247,0.0057188694979162,0,0,0.73744684974009,,0.448328583243874,1.45928864424302,,5.86100530624389,0.0312156677246093,8.84446811676025,,,9.29441165924072,0.111061252653598,10.7906808853149,,,Tide gate,,1,0,,-124.14431882,43.30850989
14ts5,Umpqua,NA,1,60000,0,0,0,0,0,0,0,1,0,0,0,0,0,0.0127473280513372,0.352399858027177,0.0125186253589855,0.345945945945945,1,0.0157845377163666,0.263425697113511,0.0156313866194746,0.282786885245901,0.620689655172413,,,,0,,22.4900741577148,0.911126136779785,22.4900741577148,64,11,30.0966682434082,0.989670991897583,29.4941692352294,69,18,Tide gate,,1,0,,-124.1145256,43.70061138
150ts2,Coos,99ts2,0,0,0,0,0,0,0,0,0,1,0,0,0,0,0,0,0,0,0,0,0,0,0,0,0,,,,0,,,,,,,,,,,,Tide gate,,0,0,Non-primary,-124.20104696,43.49451942
151ts2,Coos,NA,1,85000,0,0,0,0,0,0,0,1,0,0,0,0,0,0.00204609461389207,0,0.00201804706108159,0,0,0.00292870548801181,0.0478478026794787,0,0,0,,,,0,,3.60991883277893,,3.62548017501831,,,5.58421659469604,0.179760679602622,,,,Tide gate,,1,0,,-124.12069987,43.3767008
15201fs5,Umpqua,5ts5,1,75000,0,0,0,0,0,0,0,1,0,0,0,0,0,0,0,0,0,0,0,0,0,0,0,,,,0,,,,,,,,,,,,Upstream,,0,0,Non-primary tide gate,-124.11262335,43.74202222
15209fs5,Umpqua,1ts5,1,75000,0,0,0,0,0,0,0,1,0,0,0,0,0,0,0,0,0,0,0,0,0,0,0,,,,0,,,,,,,,,,,,Upstream,,0,0,Non-primary tide gate,-124.13121534,43.69287921
152ts2,Coos,NA,1,150000,0,0,0,0,0,0,0,1,0.0533400286294852,0,0,0.0588042115516789,0,0.0722891609508312,0,0.0722379227087606,0.0108108108108108,0,0.0671945872418515,0,0.0693548704833196,0.00819672131147541,0,0.798829135078679,,,1.35318441610517,,127.539558410644,,129.777526855468,2,,128.121154785156,,130.86262512207,2,,Tide gate,,1,0,,-124.1559554,43.36210019
153ts2,Coos,NA,1,600000,0,0,0,0,0,0,0,1,0,0.118889123847005,0,0.0444889648481441,0,0.0298609856576316,0,0.0299640335816012,0,0,0.0492832047479112,0.141823244165452,0.1418489251653,0.127049180327868,0.0689655172413793,,0.855800877215203,,1.02376636524158,,52.6836509704589,,53.831256866455,,,93.9691925048828,0.532819509506225,267.6484375,31,2,Tide gate,,1,0,,-124.23171739,43.40169788
154ts2,Coos,NA,1,200000,0,0,0,0,0,0,0,1,0.0135519987747654,0.0130429920374662,0.0674742341111507,0.0429539483486783,0,0.00797662706109448,0.010464874227119,0.00783351659297041,0,0,0.0105720843549775,0.0343836838542091,0.00876037976282905,0.0040983606557377,0,0.202956986300696,0.0938875118765174,0.783342642897285,0.988443038038801,,14.0731401443481,0.027056822553277,14.0731401443481,,,20.1579875946044,0.129176974296569,16.5295715332031,1,,Tide gate,,1,0,,-124.15239086,43.28278679
155ts2,Coos,NA,1,60000,0,0,0,0,0,0,0,1,0,0,0,0,0,0.00661719758973182,0,0.00674592077968679,0,0,0.00652338703582502,0.0464439882756941,0.00674560500707085,0.0040983606557377,0,,,,0,,11.6747026443481,,12.1192426681518,,,12.4382619857788,0.174486652016639,12.7279825210571,1,,Tide gate,,1,0,,-124.15058348,43.28453583
15621fs2,Coos,13743fs2,1,150000,1,1,1,1,0,0,0,1,0,0,0,0,0,0,0,0,0,0,0,0,0,0,0,,,,0,,,,,,,,,,,,Upstream,,0,0,,-124.22843728,43.26954018
15622fs2,Coos,NA,1,75000,1,1,1,1,0,0,0,1,0,0,0,0,0,0,0,0,0,0,0,0,0,0,0,,,,0,,,,,,,,,,,,Upstream,,0,0,,-124.22786928,43.27065918
15637fs1,Coquille,10Ats1,1,75000,1,1,1,1,0,0,0,1,0,0,0,0,0,0,0,0,0,0,0,0,0,0,0,,,,0,,,,,,,,,,,,Upstream,Foster Dairy,0,0,,-124.26048532,43.18084389
156ts2,Coos,NA,1,85000,0,0,0,0,0,0,0,1,0,0,0,0.0178160919944974,0,0.0128614123993418,0,0.0127749162100909,0,0,0.0123333763422115,0.0219621391889116,0.0124398094978359,0,0,,,,0.409978425127983,,22.6913528442382,,22.9505081176757,,,23.5162754058837,0.0825101435184478,23.4721240997314,,,Tide gate,,1,0,,-124.1486562,43.28825807
157ts2,Coos,NA,1,85000,0,0,0,0,0,0,0,1,0.00292110128048824,0.0657362363677504,0.00376821257459698,0.0333115382058798,0,0.00359580425988585,0.0254613292579006,0.00353924181972262,0.0054054054054054,0,0.00567535181785187,0.0197703485066214,0.0053487740981972,0.0040983606557377,0,0.0437468983299299,0.47318986739899,0.0437470930358552,0.766554863797022,,6.3440670967102,0.0658299997448921,6.35835075378418,1,,10.8212976455688,0.0742757469415664,10.0923643112182,1,,Tide gate,,1,0,,-124.14817546,43.28843019
158ts2,Coos,157ts2,0,0,0,0,0,0,0,0,0,1,0,0,0,0,0,0.0058183552617559,0,0.00571396683556467,0,0,0.00538944784603066,0,0.00544618217551638,0,0,,,,0,,10.2653074264526,,10.2653074264526,,,10.276159286499,,10.276159286499,,,Tide gate,,1,0,Non-primary,-124.14719746,43.28838759
15926fs2,Coos,8917fs2,1,300000,0.400000005960464,0.400000005960464,0.400000005960464,0.400000005960464,0,0,0,1,0.0565091605461365,0.00741412279923212,0.0607225088931847,0.103016176941178,0,0,0,0,0,0,0,0,0,0,0,0.846290581444108,0.0533691610304847,0.704958436747641,2.37057655506574,,,,,,,,,,,,Upstream,,0,0,,-124.26070258,43.2717186
15938fs1,Coquille,12Dts1,0,75000,1,1,1,1,0,0,0,1,0.134597991230508,0,0.18646523482435,0.230392963728825,0,0,0,0,0,0,0,0,0,0,0,2.01576188990944,,2.16476958619721,5.30173196564572,,,,,,,,,,,,Upstream,Winter Lake,0,0,Replaced and restored. Winter Lake,-124.23609485,43.20078768
159ts2,Coos,NA,1,300000,0,0,0,0,0,0,0,1,0,0,0,0,0,0,0,0,0,0,0,0,0,0,0,,,,0,,,,,,,,,,,,Tide gate,,1,1,,-124.16629601,43.37026599
15ts1,Coquille,NA,1,550000,0,0,0,0,0,0,0,1,0.0426670231645514,0,0.0372577229520531,0.0277679909116358,0,0.0243092699106808,0,0.024545267835533,0,0,0.0265561950166317,0.00822580558989857,0.0270999265484173,0,0,0.638988431140058,,0.432543822839376,0.638988459783248,,42.8887748718261,,44.0962867736816,,,50.6351852416992,0.030903747305274,51.1336479187011,,,Tide gate,Alder Creek,1,0,,-124.29021283,43.13570577
15ts2,Coos,NA,1,450000,0,0,0,0,0,0,0,1,0.190085183737925,0,0.276705447366732,0.242602078788536,0,0.0438635982938495,0.00882018754917893,0.0437902625070614,0,0,0.0500142783180131,0.0178974556521348,0.047017310015235,0,0,2.8467473081314,,3.21241403181056,5.58268436339562,,77.3884201049804,0.0228045023977756,78.6704788208007,,,95.3631439208984,0.0672394260764122,88.7148742675781,,,Tide gate,,1,0,,-124.14439908,43.30783396
15ts5,Umpqua,NA,1,60000,0,0,0,0,0,0,0,1,0,0,0,0,0,0.00294646034131933,0,0.00289359723069305,0.0054054054054054,0,0.0031385800872954,0,0.00310914772914373,0.0040983606557377,0.0344827586206896,,,,0,,5.1984314918518,,5.1984314918518,1,,5.98438835144043,,5.86651277542114,1,1,Tide gate,,1,0,,-124.1144,43.69678333
16092fs1,Coquille,14ts1,1,75000,1,1,1,1,0,0,0,1,0.000965259407282203,0,0,0.0122121292009909,0,0,0,0,0,0,0,0,0,0,0,0.0144558853314819,,,0.28102175824126,,,,,,,,,,,,Upstream,Seestrom Creek,0,0,,-124.2916764,43.14433693
160ts2,Coos,NA,1,60000,0,0,0,0,0,0,0,1,0,0,0,0,0,0.00592141041828194,0,0.00609891856047557,0,0,0.00568115323482569,0,0.00599995353678734,0,0,,,,0,,10.4471273422241,,10.9568843841552,,,10.8323593139648,,11.3210458755493,,,Tide gate,,1,0,,-124.14943163,43.28608495
16186fs5,Umpqua,5ts5,1,75000,0,0,0,0,0,0,0,1,0,0,0,0,0,0,0,0,0,0,0,0,0,0,0,,,,0,,,,,,,,,,,,Upstream,,0,0,Non-primary tide gate,-124.11281135,43.74224722
161ts2,Coos,NA,1,300000,0,0,0,0,0,0,0,1,0.178540218168525,0,0.230315353241811,0.199213813881801,0,0.112020667576181,0.267194955077441,0.110169223476856,0.129729729729729,0,0.109465498903733,0.203997752335811,0.108520386817182,0.10655737704918,0,2.67384798472873,,2.67384787519132,4.58424696640682,,197.637741088867,0.690829753875732,197.922210693359,24,,208.71987915039,0.766404569149017,204.762298583984,26,,Tide gate,,1,0,,-124.14906823,43.36373939
16385fs1,Coquille,61Bts1,1,75000,0,0,0,0,0,0,0,1,0,0,0,0,0,0,0,0,0,0,0,0,0,0,0,,,,0,,,,,,,,,,,,Upstream,Beaver Slough,0,0,,-124.23005363,43.2406355
16894fs2,Coos,119ts2,1,75000,1,1,1,1,0,0,0,1,0,0,0,0,0,0,0,0,0,0,0,0,0,0,0,,,,0,,,,,,,,,,,,Upstream,,0,0,,-124.19946229,43.33413319
16ts1,Coquille,NA,1,390000,0,0,0,0,0,0,0,1,0.0419242163823332,0,0,0.0188442043788735,0,0.010692862760032,0,0.0105073760039806,0,0,0.0171444510752577,0,0.0152141345564934,0,0,0.62786403329821,,,0.433637030861006,,18.8653869628906,,18.8768062591552,,,32.689640045166,,28.7068748474121,,,Tide gate,Cochran Project,1,0,,-124.29025272,43.13453179
16ts2,Coos,NA,1,60000,0,0,0,0,0,0,0,1,0,0,0,0,0,0,0,5.61E-06,0,0,0,0.0243897055958448,0.000290716785567635,0,0,,,,0,,,,0.0100801419466733,,,,0.0916303321719169,0.548540592193603,,,Tide gate,,1,0,,-124.14727939,43.30606163
16ts5,Umpqua,NA,1,60000,0,0,0,0,0,0,0,1,0,0,0,0,0,5.15E-05,0.0179180101299951,0.00244135509003567,0.0162162162162162,0,0.00494338145141975,0.19807824648432,0.00465673363833407,0.372950819672131,0,,,,0,,0.0908176153898239,0.0463268272578716,4.38596534729003,3,,9.4256362915039,0.744165420532226,8.78658390045166,91,,Tide gate,,1,0,,-124.09896204,43.69556905
17241fs2,Coos,120ts2,1,150000,1,1,1,1,0,0,0,1,0,0,0,0,0,0,0,0,0,0,0,0,0,0,0,,,,0,,,,,,,,,,,,Upstream,,0,0,,-124.20120829,43.32963819
17243fs2,Coos,8917fs2,1,150000,0.100000001490116,0,0.100000001490116,0.100000001490116,0,0,0,1,0,0,0,0.0200937511445461,0,0,0,0,0,0,0,0,0,0,0,,,,0.462391216418222,,,,,,,,,,,,Upstream,,0,0,,-124.26337729,43.26631018
17584fs1,Coquille,10245fs1,1,75000,1,1,1,1,0,0,0,1,0,0,0,0,0,0,0,0,0,0,0,0,0,0,0,,,,0,,,,,,,,,,,,Upstream,Sevenmile Creek,0,0,,-124.34679663,43.19292248
17ts1,Coquille,NA,0,0,0,0,0,0,0,0,0,1,0,0,0,0,0,0,0,0,0,0,0,0,0,0,0,,,,0,,,,,,,,,,,,Tide gate,,0,0,,-124.28599154,43.13226694
17ts2,Coos,NA,1,150000,0,0,0,0,0,0,0,1,0,0,0,0.0353771897104654,0,0.00875941046681817,0,0.00991342673412802,0,0,0.00932898059371554,0.00395447049764648,0.0105862392647375,0,0,,,,0.814089000406488,,15.4542026519775,,17.8097591400146,,,17.7877388000488,0.0148566551506519,19.9747047424316,,,Tide gate,,1,0,,-124.15004161,43.29471818
17ts5,Umpqua,NA,1,60000,0,0,0,0,0,0,0,1,0,0,0,0,0,0.000310965605086914,0,0.0013423170952631,0,0,0.00065425468668463,0,0.00155859140505531,0,0,,,,0,,0.548635721206665,,2.41151165962219,,,1.24747943878173,,2.9408369064331,,,Tide gate,,1,0,,-124.10195061,43.70620202
18177fs2,Coos,29011fs2,0,0,0,0,0,0,0,0,0,1,0,0,0,0.0691883397863653,0,0,0,0,0,0,0,0,0,0,0,,,,1.5921407787743,,,,,,,,,,,,Upstream,,0,0,Stream barrier other than culvert,-124.24136349,43.37984602
18269fs2,Coos,29011fs2,0,0,0,0,0,0,0,0,0,1,0,0,0,0.248946979192051,0,0,0,0,0,0,0,0,0,0,0,,,,5.72869125850091,,,,,,,,,,,,Upstream,,0,0,Stream barrier other than culvert,-124.25504435,43.36851088
18863fs2,Coos,3987fs2,0,0,0,0,0,0.100000001490116,0,0,0,1,0,0,0,0,0,0,0,0,0,0,0,0,0,0,0,,,,0,,,,,,,,,,,,Upstream,,0,0,Stream barrier other than culvert,-124.19403095,43.28743574
18ts1,Coquille,NA,1,390000,0,0,0,0,0,0,0,1,0.0324100465532371,0,0,0.0502951823524452,0,0.0600538632760451,0,0.0590003792170313,0,0,0.0667497522541368,0.00444153173335917,0.0643547802336541,0,0,0.485378244466683,,,1.15737725527847,,105.952857971191,,105.995895385742,,,127.272979736328,0.0166865084320306,121.428176879882,,,Tide gate,Cochran Property,1,0,,-124.29103766,43.12416237
18ts2,Coos,NA,1,60000,0,0,0,0,0,0,0,1,0,0,0,0,0,0.00460992582173595,0,0.00539683398029892,0,0,0.00426558898710018,0.0260403062199718,0.00527982731632236,0,0,,,,0,,8.13327884674072,,9.69556903839111,,,8.13327693939209,0.097831517457962,9.96227169036865,,,Tide gate,,1,0,,-124.1546437,43.31194229
18ts5,Umpqua,NA,1,150000,0,0,0,0,0,0,0,1,0,0,0,0.0562948622885532,0,0.00483023938097941,0,0.0137915840080896,0,0,0.00462734452270532,0,0.0151113805410464,0,0,,,,1.29544004324775,,8.52197742462158,,24.7769813537597,,,8.82304286956787,,28.5129928588867,,,Tide gate,,1,0,,-124.11507383,43.69477486
19ts1,Coquille,NA,1,390000,0,0,0,0,0,0,0,1,0.0230217031471055,0,0,0.015991014264797,0,0.0332276393294127,0,0.0338917025533312,0,0,0.042989120981224,0,0.0416774653572292,0,0,0.344776853060679,,,0.367980298176807,,58.6234283447265,,60.8874282836914,,,81.968147277832,,78.6393585205078,,,Tide gate, ,1,0,,-124.29245819,43.12148639
19ts2,Coos,NA,1,150000,0,0,0,0,0,0,0,1,0,0,0.0396281478063858,0.0371641677417639,0,0.00303387035946282,0,0.00331518745269979,0,0,0.00526095238701914,0,0.00464685196712893,0,0,,,0.46006328852347,0.855210388825248,,5.35264873504638,,5.95583057403564,,,10.0311546325683,,8.7679386138916,,,Tide gate,,1,0,,-124.15471548,43.30338887
19ts5,Umpqua,NA,1,60000,0,0,0,0,0,0,0,1,0,0,0,0,0,0.000224468171592312,0,0.000220440937415574,0,0,0.00461206547401871,0.129852035120371,0.00384601279606014,0.0860655737704918,0.0344827586206896,,,,0,,0.39602854847908,,0.39602854847908,,,8.79391002655029,0.487844556570053,7.25687074661254,21,1,Tide gate,,1,0,,-124.10933333,43.6983
1ts2,Coos,NA,1,85000,0,0,0,0,0,0,0,1,0.0318315158222777,0,0,0.0490785538763759,0,0.0744282100434771,0,0.0730928767128127,0.156756756756756,0,0.0691039861683575,0,0.0698062805486222,0.118852459016393,0,0.476714072074895,,,1.12938057526925,,131.3134765625,,131.3134765625,29,,131.761840820312,,131.714370727539,29,,Tide gate,,1,0,,-124.17473461,43.36178448
1ts5,Umpqua,NA,1,300000,0,0,0,0,0,0,0,1,0.0675692776410625,0.00168899429716177,0.152561906543996,0.192038826635784,0,0.151061652977121,0.633621499310838,0.185345279790959,0.0324324324324324,0,0.159476136018576,0.580192835346699,0.192826367859836,0.0368852459016393,0,1.01192873350023,0.0121579060754338,1.77116863424868,4.41913836838523,,266.517639160156,1.63822174072265,332.97817993164,6,,304.076080322265,2.17974185943603,363.835510253906,9,,Tide gate,Providence Creek,1,0,,-124.12918333,43.72011667
20ts1,Coquille,NA,1,390000,0,0,0,0,0,0,0,1,0,0,0,0.035118979629744,0,0.0202712517752219,0.030673267105784,0.0206976966557284,0.0054054054054054,0,0.0274942109671182,0.0290639465950978,0.0265755505181074,0.0040983606557377,0,,,,0.808147149506807,,35.7645111083984,0.0793054103851318,37.1840133666992,1,,52.4237174987793,0.109191112220287,50.1442260742187,1,,Tide gate, ,1,0,,-124.30493505,43.11263776
20ts2,Coos,NA,0,0,0,0,0,0,0,0,0,1,0,0,0,0,0,0,0,0,0,0,0,0,0,0,0,,,,0,,,,,,,,,,,,Tide gate,,0,0,Non-primary,-124.15871295,43.31752403
20ts5,Umpqua,NA,1,150000,0,0,0,0,0,0,0,1,0,0,0,0.0368382145730499,0,0.0256142950464266,0.0234178807305643,0.0257403646021251,0,0,0.0251217070158926,0.0176604840829481,0.0258578918092185,0,0,,,,0.847709654836215,,45.1912269592285,0.0605466850101947,46.2433128356933,,,47.9000205993652,0.0663491412997245,48.7901077270507,,,Tide gate,Decker Point,1,0,,-124.11161667,43.69471667
21ts1,Coquille,NA,0,0,0,0,0,0,0,0,0,1,0.0171980902689968,0,0,0.018577460979951,0,0.0442623270252613,0,0.0440800474085839,0.0054054054054054,0,0.0389811006030344,0,0.0352946831107811,0,0,0.257561458581474,,,0.427498813869462,,78.0918960571289,,79.1910858154296,1,,74.3259811401367,,66.5959701538086,,,Tide gate,(Restored),1,0,Restored,-124.31740087,43.11463441
21ts2,Coos,NA,1,200000,0,0,0,0,0,0,0,1,0,0,0.0433002118821464,0.0293146510389381,0,0.0162008693087209,0.0437657582364017,0.0181530767370565,0.0108108108108108,0,0.0184210328987427,0.137197963381947,0.0211844349927777,0.0122950819672131,0,,,0.502694144818275,0.674579726565855,,28.5831470489501,0.113155908882617,32.6125297546386,2,,35.123722076416,0.515442669391632,39.9719696044921,3,,Tide gate,,1,0,,-124.15873053,43.31833919
22ts1,Coquille,NA,1,390000,0,0,0,0,0,0,0,1,0.0546664706936294,0,0,0.03971641359403,0,0.037239817459508,0,0.0370023090722765,0,0,0.0374061882015798,0,0.0369728659366773,0.00819672131147541,0,0.818694151916082,,,0.913941884788258,,65.7021026611328,,66.4757232666015,,,71.3230667114257,,69.7624588012695,2,,Tide gate,,1,0,,-124.3184429,43.12539158
22ts2,Coos,NA,1,600000,0.400000005960464,0.400000005960464,0.400000005960464,0.400000005960464,0,0,0,1,0.352072093945674,0.148364469624409,0.485477320211945,0.486564165610339,0,0.0619069836606928,0.269022361826167,0.0640497124242534,0.0702702702702702,0,0.0695802715482882,0.299736439828878,0.069968738033428,0.110655737704918,0.0344827586206896,5.27269020130402,1.06797358028756,5.63615270467619,11.196664813038,,109.222312927246,0.695554494857788,115.067169189453,13,,132.669982910156,1.12608778476715,132.020904541015,27,1,Tide gate,Noble Creek,1,1,,-124.2155904,43.2562194
23838fs2,Coos,106ts2,1,75000,0,0,0,0,0,0,0,1,0,0,0,0.00044519413876417,0,0,0,0,0,0,0,0,0,0,0,,,,0.0102446704890789,,,,,,,,,,,,Upstream,,0,0,,-124.09741766,43.36878623
23901fs1,Coquille,61Bts1,1,75000,0,0,0,0,0,0,0,1,0,0,0,0.00122431268239181,0,0,0,0,0,0,0,0,0,0,0,,,,0.0281735065998894,,,,,,,,,,,,Upstream,Beaver Slough,0,0,,-124.21845872,43.22369573
23976fs2,Coos,3892fs2,1,300000,0.100000001490116,0,0.100000001490116,0.100000001490116,0,0,0,1,0.0854889584450773,0,0.0926968818671259,0.108327038731841,0,0,0,0,0,0,0,0,0,0,0,1.28029685187886,,1.07616516714388,2.49278847189243,,,,,,,,,,,,Upstream,,0,0,,-124.11691952,43.41497129
23ts1,Coquille,NA,1,390000,0,0,0,0,0,0,0,1,0,0,0.0616436470576715,0.0527736705794349,0,0.0502985315214249,0,0.0541575013491048,0.0054054054054054,0,0.0477852257677208,0,0.0522885010410412,0.0040983606557377,0,,,0.715652397394219,1.21441146347145,,88.7415542602539,,97.2955245971679,1,,91.1129684448242,,98.6608505249023,1,,Tide gate,Hamdock Creek,1,0,,-124.33653612,43.13540226
23ts2,Coos,NA,0,0,0,0,0,0,0,0,0,1,0,0,0,0,0,0,0,0,0,0,0,0,0,0,0,,,,0,,,,,,,,,,,,Tide gate,,0,0,Non-primary,-124.21570314,43.25616292
24501fs2,Coos,10151fs2,1,300000,0,0,0,0,0,0,0,1,0.104709261622468,0,0.143344672949761,0.108071039353024,0,0,0,0,0,0,0,0,0,0,0,1.56814330711413,,1.66416108953146,2.48689749298452,,,,,,,,,,,,Upstream,,0,0,,-124.15524435,43.44763687
24521fs2,Coos,138ts2,1,300000,0.100000001490116,0,0.100000001490116,0.400000005960464,0,0,0,1,0,0,0.0422024047594088,0.058411304179391,0,0,0,0,0,0,0,0,0,0,0,,,0.489949144534165,1.34414295259221,,,,,,,,,,,,Upstream,,0,0,,-124.15785103,43.46409704
24524fs2,Coos,23976fs2,1,150000,0,0,0,0,0,0,0,1,0,0,0,0,0,0,0,0,0,0,0,0,0,0,0,,,,0,,,,,,,,,,,,Upstream,,0,0,,-124.11465638,43.41121915
24527fs2,Coos,10151fs2,1,75000,0,0,0,0,0,0,0,1,0,0,0,0,0,0,0,0,0,0,0,0,0,0,0,,,,0,,,,,,,,,,,,Upstream,,0,0,,-124.15045849,43.44992688
24748fs2,Coos,8916fs2,1,150000,0,0,0,0,0,0,0,1,0,0,0,0,0,0,0,0,0,0,0,0,0,0,0,,,,0,,,,,,,,,,,,Upstream,,0,0,,-124.185356,43.32021727
24ts1,Coquille,NA,1,390000,0,0,0,0,0,0,0,1,0,0,0,0.010962810839382,0,0.0109607320048222,0,0.0117662312244762,0,0,0.0101698464426997,0,0.0112944221630923,0,0,,,,0.252272828648054,,19.3379878997802,,21.1383762359619,,,19.3910331726074,,21.3109436035156,,,Tide gate, ,1,0,,-124.33868461,43.1364409
24ts2,Coos,22ts2,1,200000,0,0,0,0,0,0,0,1,0.05476346491682,0,0.0706763992008473,0.0356888552307454,0,0.0164061677297126,0.00802146506713324,0.0181237381232229,0.027027027027027,0,0.0190596179076644,0.0438677424968072,0.0209640956100427,0.0614754098360655,0,0.820146753525226,,0.820518203278218,0.82126095142754,,28.9453544616699,0.0207394137978553,32.5598220825195,5,,36.341323852539,0.164807885885238,39.5562210083007,15,,Tide gate,,1,0,,-124.21513244,43.25643624
25ts1,Coquille,NA,1,390000,0,0,0,0,0,0,0,1,0.0131811570590909,0.0274233313752131,0.0170034483720249,0.0644066519897462,0,0.0522687849033585,0.00285323832190308,0.0513522695198246,0,0.272727272727272,0.0576858412478952,0.0731634826343858,0.0567330989386704,0,0.103448275862068,0.197403199124444,0.197401665414508,0.197401665414508,1.48210605101711,,92.2176666259765,0.00737701775506138,92.2558441162109,,3,109.990653991699,0.274869829416275,107.047164916992,,3,Tide gate, ,1,0,,-124.34244277,43.13939674
25ts2,Coos,22ts2,0,0,0,0,0,0,0,0,0,1,0,0,0,0,0,0,0,0,0,0,0,0,0,0,0,,,,0,,,,,,,,,,,,Tide gate,,0,0,Non-primary,-124.21410082,43.25255962
26ts1,Coquille,NA,0,0,0,0,0,0,0,0,0,1,0,0,0,0,0,0,0,0,0,0,0,0,0,0,0,,,,0,,,,,,,,,,,,Tide gate,,0,0,,-124.34251366,43.14029479
26ts2,Coos,NA,1,300000,0,0,0,0,0,0,0,1,0.1000714862017,0,0.129091371615643,0.150843630400226,0,0.0471143492388703,0.251235046446857,0.0474145039201161,0.0162162162162162,0.0909090909090909,0.0495064865273562,0.207897514432951,0.0490917826806169,0.0327868852459016,0.0344827586206896,1.49868721150917,,1.4986872774288,3.4711671926241,,83.1237106323242,0.649565577507019,85.1815338134765,3,1,94.3949279785156,0.781055688858032,92.6291046142578,8,1,Tide gate,,1,0,,-124.2065404,43.29895056
2751fs2,Coos,6ts2,1,150000,1,0,1,1,0,0,0,1,0,0,0,0,0,0,0,0,0,0,0,0,0,0,0,,,,0,,,,,,,,,,,,Upstream,,0,0,,-124.12276587,43.32750617
27ts1,Coquille,NA,0,0,0,0,0,0,0,0,0,1,0,0,0,0,0,0,0,0,0,0,0,0,0,0,0,,,,0,,,,,,,,,,,,Tide gate,,0,0,,-124.34200778,43.14688782
27ts2,Coos,NA,1,600000,0,0,0,0,0,0,0,1,0.0207814504247961,0.0432360430922381,0.0268078964029147,0.013524710743329,0,0.123747952172547,0.618557819483344,0.131435894315522,0.0702702702702702,0.181818181818181,0.124283075105073,0.799879893578323,0.13574997245606,0.0901639344262295,0.0689655172413793,0.311226455910519,0.311226480676799,0.311226480676799,0.311226480676799,,218.328155517578,1.59927475452423,236.12840270996,13,2,236.972824096679,3.00508999824523,256.140594482421,22,2,Tide gate,,1,0,,-124.16901082,43.35077351
28665fs2,Coos,44832fs2,0,0,0,0,0,0,0,0,0,1,0,0,0,0,0,0,0,0,0,0,0,0,0,0,0,,,,0,,,,,,,,,,,,Upstream,,0,0,Stream barrier other than culvert,-124.08149468,43.49297438
28666fs2,Coos,28665fs2,0,0,0,0,0,0,0,0,0,1,0,0,0,0,0,0,0,0,0,0,0,0,0,0,0,,,,0,,,,,,,,,,,,Upstream,,0,0,Stream barrier other than culvert,-124.07673272,43.49247813
28667fs2,Coos,52ts2,0,0,0.100000001490116,0,0.100000001490116,0.100000001490116,0,0,0,1,0,0,0.0440149642972914,0.0222057580181522,0,0,0,0,0,0,0,0,0,0,0,,,0.510992068511259,0.510992068511259,,,,,,,,,,,,Upstream,,0,0,Stream barrier other than culvert,-124.11465936,43.50419066
28668fs2,Coos,52ts2,0,0,0.400000005960464,0,0.400000005960464,0.100000001490116,0,0,0,1,0,0,0.00986700901674935,0.00497795279598457,0,0,0,0,0,0,0,0,0,0,0,,,0.114551117511602,0.114551117511602,,,,,,,,,,,,Upstream,,0,0,Stream barrier other than culvert,-124.10579405,43.50399173
28669fs2,Coos,52ts2,0,0,0.400000005960464,0,0.400000005960464,0.100000001490116,0,0,0,1,0,0,0.346093040560835,0.286776583306923,0,0,0,0,0,0,0,0,0,0,0,,,4.01796983178322,6.59921446432072,,,,,,,,,,,,Upstream,,0,0,Stream barrier other than culvert,-124.10380072,43.50350635
28670fs2,Coos,52ts2,0,0,0.400000005960464,0,0.400000005960464,0.100000001490116,0,0,0,1,0,0,0,0,0,0,0,0,0,0,0,0,0,0,0,,,,0,,,,,,,,,,,,Upstream,,0,0,Stream barrier other than culvert,-124.10362306,43.50327034
28671fs2,Coos,52ts2,0,0,0.100000001490116,0,0,0.100000001490116,0,0,0,1,0,0,0,0,0,0,0,0,0,0,0,0,0,0,0,,,,0,,,,,,,,,,,,Upstream,,0,0,Stream barrier other than culvert,-124.10299596,43.502474
28ts1,Coquille,NA,0,0,0,0,0,0,0,0,0,1,0,0,0,0,0,0,0,0,0,0,0,0,0,0,0,,,,0,,,,,,,,,,,,Tide gate,,0,0,,-124.34199013,43.148414
28ts2,Coos,NA,1,60000,0,0,0,0,0,0,0,1,0,0,0,0.015741705416169,0,0.0137179671717294,0.031700503322981,0.0141479004857321,0.0216216216216216,0,0.0130310148643036,0.0420158929366051,0.0138701494363018,0.0163934426229508,0,,,,0.362243279690231,,24.2025699615478,0.0819613188505172,25.4171142578125,4,,24.8464756011962,0.157850623130798,26.1709690093994,4,,Tide gate,,1,0,,-124.16767318,43.3483417
29009fs2,Coos,153ts2,1,300000,0,0,0,0,0,0,0,1,0,0.0348053432269062,0,0.0235834650284824,0,0,0,0,0,0,0,0,0,0,0,,0.250539681861006,,0.542695438170406,,,,,,,,,,,,Upstream,,0,0,,-124.23618171,43.39158176
29010fs2,Coos,32951fs2,1,300000,0,0,0,0,0,0,0,1,0,0,0,0,0,0,0,0,0,0,0,0,0,0,0,,,,0,,,,,,,,,,,,Upstream,,0,0,,-124.2404222,43.3876861
29011fs2,Coos,90fs2,1,300000,0,0,0,0,0,0,0,1,0,0,0,0.0222104444158402,0,0,0,0,0,0,0,0,0,0,0,,,,0.511099910452366,,,,,,,,,,,,Upstream,,0,0,,-124.241228,43.38047151
29023fs2,Coos,32951fs2,1,150000,0,0,0,0,0,0,0,1,0,0,0,0.0208891903713758,0,0,0,0,0,0,0,0,0,0,0,,,,0.480695619067321,,,,,,,,,,,,Upstream,,0,0,,-124.24631016,43.38324588
29413fs1,Coquille,17584fs1,1,75000,1,1,1,1,0,0,0,1,0,0,0,0,0,0,0,0,0,0,0,0,0,0,0,,,,0,,,,,,,,,,,,Upstream,Sevenmile Creek,0,0,,-124.34653615,43.19366002
29464fs2,Coos,NA,1,75000,0,0,0,0,0,0,0,1,0,0,0,0,0,0,0,0,0,0,0,0,0,0,0,,,,0,,,,,,,,,,,,Upstream,,0,0,,-124.23996873,43.38005512
29ts1,Coquille,NA,0,0,0,0,0,0,0,0,0,1,0,0,0,0,0,0,0,0,0,0,0,0,0,0,0,,,,0,,,,,,,,,,,,Tide gate,,0,0,,-124.34199519,43.14945983
29ts2,Coos,NA,1,60000,0,0,0,0,0,0,0,1,0,0,0,0.028691899554005,0,0.0232415702296016,0.0157077506247735,0.0232134833228082,0.0054054054054054,0,0.023108649837383,0.0264128405511416,0.0234239489035506,0.0040983606557377,0,,,,0.660249161079449,,41.0050354003906,0.0406122244894504,41.7036972045898,1,,44.0616874694824,0.0992311015725135,44.1976089477539,1,,Tide gate,,1,0,,-124.16478538,43.34656901
2ts2,Coos,NA,1,60000,0,0,0,0,0,0,0,1,0.036941242798811,0.0768566560131678,0.0476538814590399,0.0240416089663913,0,0.0364762324361477,0,0.0358218041095683,0.0054054054054054,0,0.0337556339416346,0,0.0341109770700507,0.0040983606557377,0,0.553238192628065,0.553238105451415,0.553238105451415,0.553238105451415,,64.3549118041992,,64.3549118041992,1,,64.3624877929687,,64.3624877929687,1,,Tide gate,,1,0,,-124.16997561,43.3528215
2ts5,Umpqua,NA,0,85000,0,0,0,0,0,0,0,1,0,0,0,0,0,0,0,0,0,0,0,0,0,0,0,,,,0,,,,,,,,,,,,Tide gate,Dean Creek,0,0,Non-primary tide gate,-124.00566667,43.6903
30ts1,Coquille,NA,0,0,0,0,0,0,0,0,0,1,0,0,0,0,0,0,0,0,0,0,0,0,0,0,0,,,,0,,,,,,,,,,,,Tide gate,,0,0,,-124.34272414,43.15365479
30ts2,Coos,NA,0,0,0,0,0,0,0,0,0,1,0,0,0,0,0,0,0,0,0,0,0,0,0,0,0,,,,0,,,,,,,,,,,,Tide gate,,0,0,Non-primary,-124.16074704,43.34098239
31ts1,Coquille,NA,1,390000,0,0,0,0,0,0,0,1,0,0,0,0,0,0.0240220374186283,0,0.0250918149764703,0,0,0.0226734600367468,0,0.0246251509255831,0,0,,,,0,,42.3820114135742,,45.0781745910644,,,43.2319030761718,,46.4641036987304,,,Tide gate, ,1,0,,-124.34585852,43.15568759
31ts2,Coos,6ts2,1,60000,0,0,0,0,0,0,0,1,0.030752078566049,0,0,0.0200136632856606,0,0.0117628835226742,0.0514826170895405,0.0120470735500299,0.027027027027027,0,0.0109847347078589,0.0359413834208715,0.0116911315098717,0.0204918032786885,0,0.46054824029864,,,0.460548259260844,,20.7532215118408,0.133107766509056,21.6429176330566,5,,20.9447956085205,0.135029137134552,22.0594768524169,5,,Tide gate,,1,0,,-124.15564304,43.33697892
32733fs2,Coos,99ts2,0,0,0,0,0,0,0,0,0,1,0.00395975492983168,0,0,0.00257703627081215,0,0,0,0,0,0,0,0,0,0,0,0.0593019480303099,,,0.0593019654440247,,,,,,,,,,,,Upstream,,0,0,Stream barrier other than culvert,-124.20462677,43.51007704
32951fs2,Coos,29009fs2,0,0,1,1,1,1,0,0,0,1,0,0.00952689434399364,0,0.0285959663539091,0,0,0,0,0,0,0,0,0,0,0,,0.0685775474905365,,0.658041575807385,,,,,,,,,,,,Upstream,,0,0,Stream barrier other than culvert,-124.2391503,43.38891619
32ts1,Coquille,NA,1,390000,0,0,0,0,0,0,0,1,0,0,0,0.0168556430893297,0,0.00710483282608421,0,0.0072861631019858,0,0,0.0077299137108473,0.00482595113310375,0.00810168861652826,0,0,,,,0.38787687055147,,12.5350360870361,,13.0898036956787,,,14.7387685775756,0.0181307438760995,15.2867164611816,,,Tide gate,Cedar Creek,1,0,,-124.34852251,43.15896173
32ts2,Coos,NA,1,85000,0,0,0,0,0,0,0,1,0,0,0,0,0,0.00223044884134721,0.023280432738162,0.00260815674575186,0,0,0.00231471985751195,0.0350353735178984,0.0029764373549091,0.00819672131147541,0,,,,0,,3.93517446517944,0.0601913146674633,4.68562936782836,,,4.41351890563964,0.131625324487686,5.61610746383667,2,,Tide gate,,1,0,,-124.16198193,43.33821017
33ts1,Coquille,NA,1,390000,0,0,0,0,0,0,0,1,0,0,0,0,0,0.00718945662743315,0,0.00716536825517222,0,0,0.00686747973506381,0,0.00725263971780385,0,0,,,,0,,12.6843376159667,,12.8727922439575,,,13.094349861145,,13.6846837997436,,,Tide gate, ,1,0,,-124.35028098,43.16117722
33ts2,Coos,NA,0,0,0,0,0,0,0,0,0,1,0,0,0,0,0,0,0,0,0,0,0,0,0,0,0,,,,0,,,,,,,,,,,,Tide gate,,0,0,Non-primary,-124.16174557,43.33167455
34990fs2,Coos,34991fs2,0,0,1,1,1,1,0,0,0,1,0.0716224893859032,0.1490113843361,0.0923923992215316,0.114014939816807,0,0,0,0,0,0,0,0,0,0,0,1.07263030632676,1.07263027351428,1.07263027351436,2.62367670090574,,,,,,,,,,,,Upstream,,0,0,Stream barrier other than culvert,-124.1226143,43.4870052
34991fs2,Coos,48ts2,0,0,1,1,1,1,0,0,0,1,0.0685080206933545,0.142531702365043,0.08837476415179,0.058312238857379,0,0,0,0,0,0,0,0,0,0,0,1.02598750549176,1.02598750809158,1.02598750809158,1.34186329189469,,,,,,,,,,,,Upstream,,0,0,Stream barrier other than culvert,-124.13908931,43.4807722
34996fs2,Coos,22ts2,0,0,1,1,1,1,0,0,0,1,0,0,0,0,0,0,0,0,0,0,0,0,0,0,0,,,,0,,,,,,,,,,,,Upstream,,0,0,Stream barrier other than culvert,-124.21361428,43.25260518
34ts1,Coquille,NA,1,390000,0,0,0,0,0,0,0,1,0.0552896895039006,0.00169796473706959,0.0010527989961999,0.0849904101487624,0,0.096313196207712,0.0107266167355767,0.0980405636519965,0.0108108108108108,0,0.088919093713974,0.0073819796031995,0.0928297061270336,0.0040983606557377,0,0.828027580411816,0.0122224780908858,0.0122224780908858,1.95577315802661,,169.925094604492,0.0277335550636053,176.132720947265,2,,169.543670654296,0.0277335550636053,175.15625,1,,Tide gate,Randolph Slough Island,1,0,,-124.35327645,43.16780184
34ts2,Coos,NA,1,85000,0,0,0,0,0,0,0,1,0,0,0,0.00751546079764367,0,0.00245760078038848,0.0119115628315961,0.00258105483759577,0,0,0.00253671996345096,0.0228374279843774,0.00269936289599143,0,0,,,,0.172943470592803,,4.33593797683715,0.0307972207665443,4.6369400024414,,,4.83681058883667,0.0857985392212867,5.09330797195434,,,Tide gate,,1,0,,-124.16158321,43.33266716
35002fs2,Coos,99ts2,0,0,1,1,1,1,0,0,0,1,0.229760440472525,0,0.296389011966642,0.370016999299817,0,0,0,0,0,0,0,0,0,0,0,3.44093054791701,,3.44093052730621,8.51471729548621,,,,,,,,,,,,Upstream,,0,0,Stream barrier other than culvert,-124.19473932,43.4988022
35752fs2,Coos,27ts2,0,0,1,1,1,1,0,0,0,1,0.149680708314316,0.31192527800923,0.193086837145844,0.11039778402891,0,0,0,0,0,0,0,0,0,0,0,2.24164316804648,2.24533513165947,2.24164312957363,2.54043982528663,,,,,,,,,,,,Upstream,,0,0,Stream barrier other than culvert,-124.17414529,43.34934419
35753fs2,Coos,48ts2,0,0,1,1,1,1,0,0,0,1,0,0,0,0,0,0,0,0,0,0,0,0,0,0,0,,,,0,,,,,,,,,,,,Upstream,,0,0,Stream barrier other than culvert,-124.17795331,43.4579442
35ts1,Coquille,NA,1,815000,0,0,0,0,0,0,0,1,0.530304182787093,0.799078184868008,0.676893769025043,0.670995500078527,0,0.0607467845009541,0.0934921607413423,0.0609773860334251,0,0,0.07298642104908,0.381971325496145,0.0709038733668449,0,0,7.94192359001191,5.75201321572189,7.85840344797859,15.4407419132726,,107.175376892089,0.241723001003265,109.547645568847,,,139.16455078125,1.43503820896148,133.785369873046,,,Tide gate,Sevenmile Creek,1,0,,-124.34925398,43.16793137
35ts2,Coos,159ts2,0,0,0,0,0,0,0,0,0,1,0.0152494979846494,0,0.0196717184891327,0,0,0.00463373934019238,0.0541847148864627,0.00489745274327951,0,0,0.00792898348987252,0.107511342714402,0.00646393770143224,0.0040983606557377,0,0.228379016630819,,0.228378967980935,0,,8.17529296875,0.140094012022018,8.79841613769531,,,15.1183385848999,0.403912216424942,12.1965169906616,1,,Tide gate,,0,0,Non-primary,-124.16337394,43.37096173
3641fs1,Coquille,61Bts1,1,75000,1,1,1,1,0,0,0,1,0.066766296109398,0,0.0904091799543123,0.184818367213981,0,0,0,0,0,0,0,0,0,0,0,0.999903148608267,,1.0496060740893,4.25298337865091,,,,,,,,,,,,Upstream,Beaver Slough,0,0,,-124.20636181,43.22989931
3642fs1,Coquille,61Bts1,1,75000,1,1,1,1,0,0,0,1,0,0,0,0.0403449588147315,0,0,0,0,0,0,0,0,0,0,0,,,,0.928405773938838,,,,,,,,,,,,Upstream,Beaver Slough,0,0,,-124.21990799,43.23550477
3643fs2,Coos,22ts2,1,150000,1,1,1,1,0,0,0,1,0.00118209408751511,0,0.00149288161759086,0.0490082140280594,0,0,0,0,0,0,0,0,0,0,0,0.0177032375454957,,0.0173316206884243,1.12776193633062,,,,,,,,,,,,Upstream,,0,0,,-124.20642381,43.26193556
3646fs2,Coos,19ts2,1,150000,1,1,1,1,0,0,0,1,0,0,0,0,0,0,0,0,0,0,0,0,0,0,0,,,,0,,,,,,,,,,,,Upstream,,0,0,,-124.15480965,43.30319911
3647fs2,Coos,3648fs2,1,150000,1,0,1,1,0,0,0,1,0,0,0.0155174052719739,0.0262857651456314,0,0,0,0,0,0,0,0,0,0,0,,,0.180149436548366,0.604879936689727,,,,,,,,,,,,Upstream,,0,0,,-124.16530155,43.31691228
3648fs2,Coos,21ts2,1,150000,1,0,1,1,0,0,0,1,0,0,0,0,0,0,0,0,0,0,0,0,0,0,0,,,,0,,,,,,,,,,,,Upstream,,0,0,,-124.16420153,43.31759503
36Ats1,Coquille,NA,1,390000,0,0,0,0,0,0,0,1,0.181761170124156,0,0,0.154479704750907,0,0.317106193388528,0.145846760089997,0.313761766361811,0,0,0.339638307365179,0.126945589493689,0.330421363719673,0,0,2.72208549661158,,,3.5548394163868,,559.469543457031,0.377085268497467,563.68212890625,,,647.594604492187,0.476925253868103,623.457397460937,,,Tide gate,Iowa Slough,1,0,,-124.28468037,43.15616964
36ts2,Coos,NA,1,85000,0,0,0,0,0,0,0,1,0,0,0,0.0131462320879952,0,0.000771947187258227,0,0.00122365676690913,0,0,0.000999585920174775,0,0.00151841296763802,0,0,,,,0.302517046357184,,1.36194419860839,,2.19833493232727,,,1.90592885017395,,2.86502599716186,,,Tide gate,,1,0,,-124.17217788,43.38120114
3703fs1,Coquille,37ts1,1,75000,1,1,1,1,0,0,0,1,0,0,0,0,0,0,0,0,0,0,0,0,0,0,0,,,,0,,,,,,,,,,,,Upstream,Gray Creek,0,0,,-124.1615402,43.10956617
37ts1,Coquille,NA,1,815000,0,0,0,0,0,0,0,1,0.229818688394301,0,0.370710164266956,0.310214584196881,0,0.00610048937437184,0,0.00603287907552989,0,0,0.0668963646995804,0,0.0436853910246287,0,0,3.44180287847565,,4.30376251988867,7.13856252650971,,10.7630758285522,,10.8382425308227,,,127.552528381347,,82.4280242919921,,,Tide gate,Gray Creek,1,0,,-124.17692698,43.11761781
37ts2,Coos,45ts2,1,85000,0,0,0,0,0,0,0,1,0,0,0,0.020178501774582,0,0.016727833742426,0,0.0164277212066507,0,0,0.016178111765827,0.00242738048582876,0.0160306069448508,0.0040983606557377,0,,,,0.464341471830096,,29.5128688812255,,29.5128784179687,,,30.8471031188964,0.00911949016153812,30.2474403381347,1,,Tide gate,,1,0,,-124.18990831,43.40129073
38726fs2,Coos,3892fs2,0,0,1,1,1,1,0,0,0,1,0,0,0,0.0156803759991089,0,0,0,0,0,0,0,0,0,0,0,,,,0.360831986022231,,,,,,,,,,,,Upstream,,0,0,Stream barrier other than culvert,-124.1510253,43.4140742
38727fs2,Coos,3892fs2,0,0,0.400000005960464,0,0.400000005960464,0.400000005960464,0,0,0,1,0.128789105475089,0,0.174368398735898,0.118437994532941,0,0,0,0,0,0,0,0,0,0,0,1.92876705126761,,2.02433127404663,2.72545867460322,,,,,,,,,,,,Upstream,,0,0,Stream barrier other than culvert,-124.13210329,43.4175162
3888fs2,Coos,NA,1,150000,1,1,1,1,0,0,0,1,0,0,0,0,0,0,0,0,0,0,0,0,0,0,0,,,,0,,,,,,,,,,,,Upstream,,0,0,,-124.1926335,43.42161788
3889fs2,Coos,38726fs2,1,75000,0.100000001490116,0,0.100000001490116,0.100000001490116,0,0,0,1,0,0,0,0.00359554691202145,0,0,0,0,0,0,0,0,0,0,0,,,,0.0827396188187406,,,,,,,,,,,,Upstream,,0,0,,-124.14487284,43.41533282
3892fs2,Coos,45ts2,1,300000,1,1,1,1,0,0,0,1,0.0956126311655807,0.198819963687368,0.123251223048028,0.0793866293605424,0,0,0,0,0,0,0,0,0,0,0,1.43191065732532,1.43116791364789,1.4308860274534,1.82682067938952,,,,,,,,,,,,Upstream,,0,0,,-124.15617685,43.41116865
38ts1,Coquille,NA,0,0,0,0,0,0,0,0,0,1,0,0,0,0,0,0,0,0,0,0,0,0,0,0,0,,,,0,,,,,,,,,,,,Tide gate,,0,0,,-124.31446039,43.11372733
38ts2,Coos,45ts2,0,0,0,0,0,0,0,0,0,1,0,0,0,0,0,0,0,0,0,0,0,0,0,0,0,,,,0,,,,,,,,,,,,Tide gate,,0,0,Non-primary,-124.19067682,43.40136003
3955fs2,Coos,8917fs2,0,0,0.100000001490116,0,0.100000001490116,0.100000001490116,0,0,0,1,0,0,0,0.0101278293664484,0,0,0,0,0,0,0,0,0,0,0,,,,0.233058492002842,,,,,,,,,,,,Upstream,,0,0,Stream barrier other than culvert,-124.26476469,43.26091796
3978fs1,Coquille,35ts1,0,75000,1,1,1,1,0,0,0,1,0,0,0,0,0,0,0,0,0,0,0,0,0,0,0,,,,0,,,,,,,,,,,,Upstream,Sevenmile Creek,0,0,Stream barrier other than culvert,-124.348975,43.16810445
3987fs2,Coos,26ts2,0,0,0.100000001490116,0,0.100000001490116,0.100000001490116,0,0,0,1,0,0,0,0,0,0,0,0,0,0,0,0,0,0,0,,,,0,,,,,,,,,,,,Upstream,,0,0,Stream barrier other than culvert,-124.19738188,43.28861434
3988fs2,Coos,26ts2,0,0,0.100000001490116,0,0.100000001490116,0.100000001490116,0,0,0,1,0,0,0,0,0,0,0,0,0,0,0,0,0,0,0,,,,0,,,,,,,,,,,,Upstream,,0,0,Stream barrier other than culvert,-124.20463471,43.28912146
39ts2,Coos,45ts2,1,85000,0,0,0,0,0,0,0,1,0,0,0,0.00718988512279098,0,0.00494669562136817,0.00552691778751363,0.00553845431671423,0,0,0.00480375531447607,0.0118285664074408,0.00565828051436616,0,0,,,,0.165451423376314,,8.72744083404541,0.0142897879704833,9.94999408721923,,,9.15940856933593,0.0444390550255775,10.6763582229614,,,Tide gate,,1,0,,-124.19105566,43.40261995
3ts2,Coos,NA,0,0,0,0,0,0,0,0,0,1,0,0,0,0,0,0,0,0,0,0,0,0,0,0,0,,,,0,,,,,,,,,,,,Tide gate,,0,0,Non-primary,-124.16821503,43.35164278
3ts5,Umpqua,NA,1,85000,0,0,0,0,0,0,0,1,0,0,0,0,0,0.0103154616006147,0,0.0107433854792424,0,0,0.0100402566220761,0,0.0104701145915206,0,0,,,,0,,18.1995391845703,,19.3008041381835,,,19.1439418792724,,19.75559425354,,,Tide gate,Dean Creek,1,0,,-124.00612618,43.68803802
40043fs2,Coos,8917fs2,1,150000,0.400000005960464,0,0.100000001490116,0.100000001490116,0,0,0,1,0,0,0,0,0,0,0,0,0,0,0,0,0,0,0,,,,0,,,,,,,,,,,,Upstream,,0,0,,-124.26157029,43.27203018
40127fs2,Coos,15ts2,0,0,1,0,1,1,0,0,0,1,0,0,0,0,0,0,0,0,0,0,0,0,0,0,0,,,,0,,,,,,,,,,,,Upstream,,0,0,Stream barrier other than culvert,-124.14430993,43.30773247
40ts1,Coquille,NA,0,0,0,0,0,0,0,0,0,1,0,0,0,0,0,0,0,0,0,0,0,0,0,0,0,,,,0,,,,,,,,,,,,Tide gate,Winter Lake,0,0,Replaced and restored. Winter Lake,-124.24313982,43.20683538
40ts2,Coos,NA,1,60000,0,0,0,0,0,0,0,1,0,0,0,0.00249949720215312,0,0.0019013972865603,0,0.00186728335744972,0,0,0.00223271751131269,0.0247223387790547,0.00214737115542085,0,0,,,,0.0575176602628135,,3.35462975502014,,3.35462880134582,,,4.25716352462768,0.0928800106048584,4.05177927017211,,,Tide gate,,1,0,,-124.19060838,43.41742005
41375fs2,Coos,99ts2,1,75000,0,0,0,0,0,0,0,1,0,0,0,0,0,0,0,0,0,0,0,0,0,0,0,,,,0,,,,,,,,,,,,Upstream,,0,0,,-124.21822315,43.50116644
41376fs2,Coos,99ts2,1,75000,0,0,0,0,0,0,0,1,0,0,0,0,0,0,0,0,0,0,0,0,0,0,0,,,,0,,,,,,,,,,,,Upstream,,0,0,,-124.21831517,43.50021992
41377fs2,Coos,99ts2,1,75000,0,0,0,0,0,0,0,1,0,0,0,0,0,0,0,0,0,0,0,0,0,0,0,,,,0,,,,,,,,,,,,Upstream,,0,0,,-124.21846481,43.49841204
41409fs2,Coos,66ts2,1,150000,1,1,1,1,0,0,0,1,0,0,0,0.0170334457108957,0,0,0,0,0,0,0,0,0,0,0,,,,0.391968409750737,,,,,,,,,,,,Upstream,,0,0,,-124.2442294,43.28860103
41410fs2,Coos,66ts2,1,75000,0,0,0,0,0,0,0,1,0,0,0,0,0,0,0,0,0,0,0,0,0,0,0,,,,0,,,,,,,,,,,,Upstream,,0,0,,-124.24935293,43.28741576
41ts1,Coquille,NA,0,0,0,0,0,0,0,0,0,1,0,0,0,0,0,0,0,0,0,0,0,0,0,0,0,,,,0,,,,,,,,,,,,Tide gate,Winter Lake,0,0,Replaced and restored. Winter Lake,-124.24506562,43.20268619
41ts2,Coos,NA,1,85000,0,0,0,0,0,0,0,1,0,0,0,0.0143535837651665,0,0.00194623162019077,0,0.0022249073006396,0,0,0.00225641284100788,0.00649101146125968,0.00248549150703743,0,0,,,,0.330300251525589,,3.43373084068298,,3.99711060523986,,,4.30234384536743,0.0243862532079219,4.68976354598999,,,Tide gate,,1,0,,-124.18678932,43.42021543
42ts1,Coquille,NA,0,0,0,0,0,0,0,0,0,1,0,0,0,0,0,0,0,0,0,0,0,0,0,0,0,,,,0,,,,,,,,,,,,Tide gate,Winter Lake,0,0,Replaced and restored. Winter Lake,-124.24499888,43.20279449
42ts2,Coos,NA,1,200000,0,0,0,0,0,0,0,1,0.00213637926084319,0.0144601247251405,0.127922387709418,0.0870847871348528,0,0.0574082065106763,0.115933360192225,0.0598539402898628,0,0,0.0543777081348544,0.106813231277778,0.0588951525966575,0.0040983606557377,0,0.0319947709251139,0.104088473562489,1.48511594972616,2.00396831657467,,101.285133361816,0.299744486808776,107.529342651367,,,103.682975769042,0.401289463043212,111.126647949218,1,,Tide gate,,1,0,,-124.18645302,43.4210139
43ts1,Coquille,NA,0,0,0,0,0,0,0,0,0,1,0,0,0,0,0,0,0,0,0,0,0,0,0,0,0,,,,0,,,,,,,,,,,,Tide gate,Winter Lake,0,0,Replaced and restored. Winter Lake,-124.24498855,43.20268834
43ts2,Coos,46ts2,0,0,0,0,0,0,0,0,0,1,0,0,0,0,0,0,0,0,0,0,0,0,0,0,0,,,,0,,,,,,,,,,,,Tide gate,,0,0,Non-primary,-124.17676354,43.42946686
4451fs2,Coos,48ts2,1,300000,0.100000001490116,0,0.100000001490116,0.400000005960464,0,0,0,1,0,0,0.0260328348251856,0.025266232569767,0,0,0,0,0,0,0,0,0,0,0,,,0.302228397294239,0.581418766869284,,,,,,,,,,,,Upstream,,0,0,,-124.16282893,43.46509222
44812fs2,Coos,22ts2,1,300000,0.400000005960464,0,0.400000005960464,0,0,0,0,1,0,0,0,0,0,0,0,0,0,0,0,0,0,0,0,,,,0,,,,,,,,,,,,Upstream,,0,0,,-124.16755901,43.23875505
44831fs2,Coos,34990fs2,0,0,0.100000001490116,0,0.100000001490116,0.100000001490116,0,0,0,1,0.0118524333807783,0.0246591203898679,0.0152895384850159,0.00771364460310115,0,0,0,0,0,0,0,0,0,0,0,0.177504012453999,0.177504015322389,0.177504015322389,0.177504015322389,,,,,,,,,,,,Upstream,,0,0,Stream barrier other than culvert,-124.10474127,43.49370226
44832fs2,Coos,44831fs2,0,0,0.100000001490116,0,0.100000001490116,0.100000001490116,0,0,0,1,0.073552909956901,0,0.0923050514050741,0.0483585870192351,0,0,0,0,0,0,0,0,0,0,0,1.10154060567774,,1.07161620836347,1.1128129195608,,,,,,,,,,,,Upstream,,0,0,Stream barrier other than culvert,-124.10151928,43.49279061
44ts1,Coquille,NA,0,0,0,0,0,0,0,0,0,1,0,0,0,0,0,0,0,0,0,0,0,0,0,0,0,,,,0,,,,,,,,,,,,Tide gate,Winter Lake,0,0,Replaced and restored. Winter Lake,-124.24989382,43.20270386
44ts2,Coos,46ts2,0,0,0,0,0,0,0,0,0,1,0,0,0,0,0,0,0,0,0,0,0,0,0,0,0,,,,0,,,,,,,,,,,,Tide gate,,0,0,Non-primary,-124.18384771,43.42530252
4506fs1,Coquille,61Bts1,1,75000,0,0,0,0,0,0,0,1,0,0,0,0.107038634143867,0,0,0,0,0,0,0,0,0,0,0,,,,2.46314010208897,,,,,,,,,,,,Upstream,Beaver Slough,0,0,,-124.20725789,43.2312376
45ts1,Coquille,NA,0,0,0,0,0,0,0,0,0,1,0,0,0,0,0,0,0,0,0,0,0,0,0,0,0,,,,0,,,,,,,,,,,,Tide gate,Winter Lake,0,0,Replaced and restored. Winter Lake,-124.24993395,43.20269894
45ts2,Coos,NA,1,1000000,0.800000011920929,0.800000011920929,0.800000011920929,0.800000011920929,0,0,0,1,0.166548053770441,0.326998907369421,0.21484558373921,0.196052080689623,0,0.0655389930632288,0.0604826667929385,0.0653892111429605,0,0,0.0805484317794097,0.129656638484874,0.0729716986106274,0.0245901639344262,0.0689655172413793,2.4942513373331,2.3538398023295,2.49425146647601,4.51149013537989,,115.630256652832,0.156377300620079,117.47361755371,,,153.583175659179,0.487110465764999,137.687057495117,6,2,Tide gate,Willanch Slough,1,1,,-124.19092596,43.40158711
46Ats1,Coquille,NA,0,0,0,0,0,0,0,0,0,1,0,0,0,0,0,0,0,0,0,0,0,0,0,0,0,,,,0,,,,,,,,,,,,Tide gate,Winter Lake,0,0,Replaced and restored. Winter Lake,-124.25960794,43.20264227
46Bts1,Coquille,NA,0,0,0,0,0,0,0,0,0,1,0,0,0,0,0,0,0,0,0,0,0,0,0,0,0,,,,0,,,,,,,,,,,,Tide gate,Winter Lake,0,0,Replaced and restored. Winter Lake,-124.25959727,43.202691
46ts2,Coos,NA,1,1500000,0.800000011920929,0.800000011920929,0.800000011920929,0.800000011920929,0,0,0,1,0.461199146727936,0.816550508538977,0.806531847168055,0.634766188367107,0,0.0871880051244291,0.228827897051076,0.0953604620617855,0.027027027027027,0.0909090909090909,0.118215454168951,0.760201557436203,0.116035838756777,0.0286885245901639,0.0344827586206896,6.90699508316438,5.87778443381788,9.36343771906622,14.607044143666,,153.825546264648,0.59163212776184,171.317840576171,5,1,225.403579711914,2.85602140426635,218.94287109375,7,1,Tide gate,Kentuck Slough,1,1,,-124.18828174,43.42207088
47ts1,Coquille,NA,0,0,0,0,0,0,0,0,0,1,0,0,0,0,0,0,0,0,0,0,0,0,0,0,0,,,,0,,,,,,,,,,,,Tide gate,Winter Lake,0,0,Replaced and restored. Winter Lake,-124.25967341,43.20668352
47ts2,Coos,3888fs2,1,150000,0,0,0,0,0,0,0,1,0,0,0,0.0149929379711242,0,0.00417390302852906,0,0.00477142325669221,0.0054054054054054,0,0.00482179327479537,0.0037288775479461,0.00535729919400902,0.0122950819672131,0,,,,0.345012873717845,,7.36400508880615,,8.57200050354003,1,,9.19380187988281,0.0140091190114617,10.108449935913,3,,Tide gate,,1,0,,-124.19269161,43.42178303
48ts1,Coquille,NA,0,0,0,0,0,0,0,0,0,1,0,0,0,0,0,0,0,0,0,0,0,0,0,0,0,,,,0,,,,,,,,,,,,Tide gate,Winter Lake,0,0,Replaced and restored. Winter Lake,-124.25987126,43.20864952
48ts2,Coos,NA,1,1000000,0.400000005960464,0.400000005960464,0.400000005960464,0.400000005960464,0,0,0,1,0.277623108117006,0.610861017598283,0.459339172902471,0.464587108734373,0,0.191060658036374,0.825098998748562,0.203709430198721,0.054054054054054,0.181818181818181,0.209219596849826,0.873888447622913,0.218048690956097,0.0860655737704918,0.0689655172413793,4.15772981442254,4.3971675271989,5.3327016812809,10.6909355448158,,337.087768554687,2.1332848072052,365.969909667968,10,2,398.9228515625,3.28313469886779,411.426391601562,21,2,Tide gate,Larson Slough,1,1,,-124.19400414,43.46208025
49ts1,Coquille,NA,0,0,0,0,0,0,0,0,0,1,0,0,0,0,0,0,0,0,0,0,0,0,0,0,0,,,,0,,,,,,,,,,,,Tide gate,Winter Lake,0,0,Replaced and restored. Winter Lake,-124.25974475,43.2095891
49ts2,Coos,48ts2,1,85000,0,0,0,0,0,0,0,1,0,0,0,0.0136925155588517,0,0.0163569288005733,0.0198217269251974,0.0172645437477568,0,0,0.0153687403236026,0.0142206134550034,0.0167850650357204,0,0,,,,0.315087953440755,,28.8584823608398,0.0512488670647144,31.0162544250488,,,29.3038597106933,0.0534258000552654,31.6709938049316,,,Tide gate,,1,0,,-124.17881176,43.45823591
4ts2,Coos,NA,1,60000,0,0,0,0,0,0,0,1,0,0,0,0,0,0,0,0.00154118563082219,0,0,0,0,0.00161915157906831,0,0,,,,0,,,,2.76878476142883,,,,,3.05510520935058,,,Tide gate,,1,0,,-124.15903088,43.34366471
4ts5,Umpqua,NA,0,0,0,0,0,0,0,0,0,1,0,0,0,0,0,0,0,0,0,0,0,0,0,0,0,,,,0,,,,,,,,,,,,Tide gate,Old Mill,0,0,Non-primary tide gate,-124.1228,43.74551667
5008fs2,Coos,120ts2,1,300000,0.400000005960464,0,0.400000005960464,0.400000005960464,0,0,0,1,0,0,0.0226236803120736,0.0497093003206205,0,0,0,0,0,0,0,0,0,0,0,,,0.262649791600884,1.14389511829846,,,,,,,,,,,,Upstream,,0,0,,-124.1074562,43.44686479
50ts1,Coquille,NA,0,0,0,0,0,0,0,0,0,1,0,0,0,0,0,0,0,0,0,0,0,0,0,0,0,,,,0,,,,,,,,,,,,Tide gate,Winter Lake,0,0,Replaced and restored. Winter Lake,-124.25720361,43.20974229
50ts2,Coos,48ts2,1,85000,0,0,0,0,0,0,0,1,0,0,0,0.0227825169990017,0,0.0145803446480282,0,0.0147533945224236,0.0054054054054054,0,0.0137859583217801,0,0.0142292780055871,0.0040983606557377,0,,,,0.52426426865033,,25.7240600585937,,26.5049018859863,1,,26.285940170288,,26.8485927581787,1,,Tide gate,,1,0,,-124.1732668,43.45719573
51ts1,Coquille,NA,0,0,0,0,0,0,0,0,0,1,0,0,0,0,0,0,0,0,0,0,0,0,0,0,0,,,,0,,,,,,,,,,,,Tide gate,Winter Lake,0,0,Replaced and restored. Winter Lake,-124.24966576,43.20952562
51ts2,Coos,52ts2,1,150000,0,0,0,0,0,0,0,1,0,0,0.0869811927484569,0.0454673317030775,0,0.0353687100440998,0.078681418416944,0.0361136359405064,0.0054054054054054,0,0.0340254150859576,0.117511379521823,0.0359154123850101,0.00819672131147541,0,,,1.00980883010385,1.0462802421629,,62.4009132385253,0.203429982066154,64.8791961669921,1,,64.8768844604492,0.441481620073318,67.7671966552734,2,,Tide gate,,1,0,,-124.18898656,43.46530946
52ts1,Coquille,NA,0,0,0,0,0,0,0,0,0,1,0,0,0,0,0,0,0,0,0,0,0,0,0,0,0,,,,0,,,,,,,,,,,,Tide gate,Winter Lake,0,0,Replaced and restored. Winter Lake,-124.24951881,43.20949736
52ts2,Coos,NA,1,1000000,0.400000005960464,0.400000005960464,0.400000005960464,0.400000005960464,0,0,0,1,0.540943521414732,1,0.420822682512968,0.355258496302783,0,0.21625369245482,1,0.236066288169882,0.129729729729729,0,0.225540701865198,0.9911266193044,0.242038070996532,0.147540983606557,0,8.101260093799,7.19831090955387,4.88554418813857,8.17509916723231,,381.535766601562,2.58548951148986,424.099945068359,24,,430.042602539062,3.72358989715576,456.690887451171,36,,Tide gate,Palouse Slough,1,1,,-124.18970813,43.4656897
53ts1,Coquille,NA,0,0,0,0,0,0,0,0,0,1,0,0,0,0,0,0,0,0,0,0,0,0,0,0,0,,,,0,,,,,,,,,,,,Tide gate,Winter Lake,0,0,Replaced and restored. Winter Lake,-124.24612269,43.20956855
5473fs2,Coos,NA,1,150000,0.100000001490116,0.100000001490116,0.100000001490116,0.100000001490116,0,0,0,1,0,0,0,0,0,0,0,0,0,0,0,0,0,0,0,,,,0,,,,,,,,,,,,Upstream,,0,0,,-124.18629557,43.42078779
54ts1,Coquille,NA,1,390000,0,0,0,0,0,0,0,1,0.0336379946369788,0,0,0,0,0.0199606700891336,0,0.0208810433510092,0.0054054054054054,0,0.0185048746027247,0.0495371086070218,0.0204810395318766,0.0040983606557377,0,0.503768199081642,,,0,,35.216552734375,,37.5134010314941,1,,35.2835845947265,0.186107277870178,38.6447639465332,1,,Tide gate, ,1,0,,-124.33955482,43.15202949
54ts2,Coos,52ts2,1,60000,0,0,0,0,0,0,0,1,0,0,0,0.00520752331709853,0,0.0141466050985385,0.0272817565522034,0.0147022457057968,0.0324324324324324,0,0.0131611778743273,0.0187751063893113,0.014253355702527,0.0245901639344262,0,,,,0.119833923680945,,24.9588146209716,0.070536695420742,26.4130115509033,6,,25.0946598052978,0.070536695420742,26.8940238952636,6,,Tide gate,,1,0,,-124.17297289,43.48415748
5534fs2,Coos,24521fs2,0,0,0,0,0,0,0,0,0,1,0,0,0,0.00131992342523518,0,0,0,0,0,0,0,0,0,0,0,,,,0.0303736715849123,,,,,,,,,,,,Upstream,,0,0,Stream barrier other than culvert,-124.14835721,43.46481958
55Ats1,Coquille,NA,1,390000,0,0,0,0,0,0,0,1,0.0643612111796871,0,0,0.099895406106988,0,0.00539884922873411,0,0.00541068897452811,0,0,0.00821484294698465,0.0972695906227891,0.00765753147853342,0.0040983606557377,0,0.963884196921208,,,2.29876233721246,,9.52517414093017,,9.72045993804931,,,15.6633920669555,0.36543470621109,14.4486560821533,1,,Tide gate,Offield Creek,1,0,,-124.3388371,43.15868445
55Bts1,Coquille,NA,1,390000,0,0,0,0,0,0,0,1,0,0,0,0,0,0.00355750776545026,0.0368214777281286,0.00384165626512264,0,0,0.00330692446366437,0.0253402731028122,0.00367305271871133,0,0,,,,0,,6.27650070190429,0.0952015444636344,6.90164709091186,,,6.30537366867065,0.0952015444636344,6.93052005767822,,,Tide gate,East Randolph Slough,1,0,,-124.33888199,43.15868394
55ts2,Coos,NA,0,0,0,0,0,0,0,0,0,1,0,0,0,0,0,0,0,0,0,0,0,0,0,0,0,,,,0,,,,,,,,,,,,Tide gate,,0,0,Non-primary,-124.18325778,43.4782179
5609fs2,Coos,15ts2,0,0,0,0,0,0,0,0,0,1,0,0,0,0,0,0,0,0,0,0,0,0,0,0,0,,,,0,,,,,,,,,,,,Upstream,,0,0,Stream barrier other than culvert,-124.11744186,43.30081249
56ts1,Coquille,NA,0,0,0,0,0,0,0,0,0,1,0,0,0,0,0,0,0,0,0,0,0,0,0,0,0,,,,0,,,,,,,,,,,,Tide gate,,0,0,,-124.29762964,43.14852284
56ts2,Coos,NA,1,85000,0,0,0,0,0,0,0,1,0,0,0,0.0172155258175012,0,0.00604065206465426,0.0763148185563163,0.00631337847670536,0.167567567567567,0,0.00706293281901725,0.0776945713242776,0.00746492304420726,0.180327868852459,0.0344827586206896,,,,0.396158381119112,,10.6575050354003,0.197311162948608,11.342167854309,31,,13.4670238494873,0.291892796754837,14.0852317810058,44,1,Tide gate,,1,0,,-124.22366852,43.35261978
5777fs2,Coos,159ts2,1,300000,1,1,1,1,0,0,0,1,0.10874831924763,0,0.141727946517094,0.0986333658491957,0,0,0,0,0,0,0,0,0,0,0,1.62863290549162,,1.64539169150433,2.26972065526012,,,,,,,,,,,,Upstream,,0,0,,-124.16221045,43.37074277
57ts1,Coquille,NA,0,0,0,0,0,0,0,0,0,1,0,0,0,0,0,0,0,0,0,0,0,0,0,0,0,,,,0,,,,,,,,,,,,Tide gate,Winter Lake,0,0,Replaced and restored. Winter Lake,-124.25998702,43.19939885
57ts2,Coos,NA,1,450000,0,0,0,0,0,0,0,1,0.30493271018378,0,0.40980169162789,0.294446818860195,0,0.0698243777365194,0.320226267572664,0.0718455747526392,0.172972972972972,0,0.0742808567720649,0.441818827274958,0.0766057356347278,0.172131147540983,0,4.5667229544503,,4.75759590919935,6.77571956394988,,123.190948486328,0.82794165611267,129.072662353515,32,,141.632675170898,1.65988087654113,144.543960571289,42,,Tide gate,,1,0,,-124.22629121,43.34038733
58ts1,Coquille,NA,0,0,0,0,0,0,0,0,0,1,0,0,0,0,0,0,0,0,0,0,0,0,0,0,0,,,,0,,,,,,,,,,,,Tide gate,Winter Lake,0,0,Replaced and restored. Winter Lake,-124.25994966,43.20169481
58ts2,Coos,NA,1,150000,0,0,0,0,0,0,0,1,0.0464356483997416,0,0.0786134553328814,0.050446967061634,0,0.0150276625787148,0.125746749752797,0.0156214391072302,0.0378378378378378,0,0.0167409557474895,0.104489096499665,0.0168218411678992,0.0327868852459016,0,0.695427989093324,,0.912663517844512,1.16087007828651,,26.5132617950439,0.325116902589798,28.0643692016601,7,,31.9202880859375,0.392557859420776,31.7403850555419,8,,Tide gate,,1,0,,-124.22711645,43.34044054
59ts1,Coquille,NA,0,0,0,0,0,0,0,0,0,1,0,0,0,0,0,0,0,0,0,0,0,0,0,0,0,,,,0,,,,,,,,,,,,Tide gate,Winter Lake,0,0,Replaced and restored. Winter Lake,-124.25993835,43.20280636
59ts2,Coos,NA,1,85000,0,0,0,0,0,0,0,1,0,0,0,0.0220831319464623,0,0.00367982643948829,0,0.00375248451366248,0,0,0.00427791956151655,0.00179906928549561,0.00418828020471923,0.0040983606557377,0,,,,0.508170235094223,,6.4923071861267,,6.74144744873046,,,8.15678787231445,0.00675897113978862,7.90267992019653,1,,Tide gate,,1,0,,-124.22373607,43.34351555
5ts2,Coos,NA,1,150000,0,0,0,0,0,0,0,1,0,0,0,0.0569597552138922,0,0.045408748884843,0.020966305580087,0.0459726969513016,0.0216216216216216,0,0.0429016800879548,0.0327512410288257,0.0451254716191973,0.0204918032786885,0,,,,1.31074035458951,,80.1145248413086,0.0542081631720066,82.5912857055664,4,,81.8014221191406,0.12304400652647,85.1452484130859,5,,Tide gate,,1,0,,-124.16522332,43.34810791
5ts5,Umpqua,NA,1,200000,0,0,0,0,0,0,0,1,0,0,0,0.0011868984051981,0,0.0109576833555407,0.022410912883591,0.0159403078180948,0,0,0.071612383022947,0.783455216664978,0.054526377357077,0.0614754098360655,0.379310344827586,,,,0.0273125407693405,,19.3326091766357,0.0579431802034378,28.6372261047363,,,136.544647216796,2.94338369369506,102.883399963378,15,11,Tide gate,Old Mill,1,0,,-124.11683333,43.7379
6058fs2,Coos,52ts2,0,0,0.100000001490116,0,0.100000001490116,0,0,0,0,1,0.0890366861237279,0.0186068245343648,0.0330491357604708,0.0729920200890244,0,0,0,0,0,0,0,0,0,0,0,1.3334282113072,0.133937708037873,0.38368419728087,1.67966989911428,,,,,,,,,,,,Upstream,,0,0,Stream barrier other than culvert,-124.10625762,43.51534026
60ts1,Coquille,NA,0,0,0,0,0,0,0,0,0,1,0,0,0,0,0,0,0,0,0,0,0,0,0,0,0,,,,0,,,,,,,,,,,,Tide gate,Winter Lake,0,0,Replaced and restored. Winter Lake,-124.26441439,43.20735978
60ts2,Coos,NA,1,150000,0,0,0,0,0,0,0,1,0.0374230209449005,0,0.0620314393845487,0.0370555416900921,0,0.0169265040539338,0.137678758178583,0.0173530893702632,0.0054054054054054,0,0.0173789445594086,0.119606840265693,0.0179114026958836,0.0286885245901639,0,0.560453382226365,,0.72015447541308,0.852710719559617,,29.8633823394775,0.355966985225677,31.175329208374,1,,33.1367530822753,0.449354112148284,33.7962303161621,7,,Tide gate,,1,0,,-124.22585696,43.34132356
61Bts1,Coquille,NA,1,815000,0,0,0,0,0,0,0,1,0.68182557719548,0,1,1,0,0.0912550848875419,0.112148317337107,0.284074444087944,0,0.363636363636363,0.141848007120688,0.241935002283329,0.330069195938881,0.0040983606557377,0.137931034482758,10.211133178967,,11.6095077360475,23.0116921968412,,161.001083374023,0.289958298206329,510.347991943359,,4,270.464202880859,0.908932030200958,622.792907714843,1,4,Tide gate,Beaver Slough,1,0,,-124.26389842,43.20806167
61ts2,Coos,121ts2,1,85000,0,0,0,0,0,0,0,1,0,0,0,0.0165274014228703,0,0.00337498799783534,0.0257761654732164,0.00349559779163665,0.0486486486486486,0,0.00388627865082715,0.0319756079284961,0.00456295657354302,0.0450819672131147,0,,,,0.380323474356728,,5.95448160171508,0.0666440054774284,6.27994298934936,9,,7.41003894805908,0.120130009949207,8.60964012145996,11,,Tide gate,,1,0,,-124.22569869,43.34694361
62ts1,Coquille,NA,0,0,0,0,0,0,0,0,0,1,0,0,0,0,0,0,0,0,0,0,0,0,0,0,0,,,,0,,,,,,,,,,,,Tide gate,Winter Lake,0,0,Replaced and restored. Winter Lake,-124.25593608,43.21299053
62ts2,Coos,NA,0,0,0,0,0,0,0,0,0,1,0,0,0,0,0,0,0,0,0,0,0,0,0,0,0,,,,0,,,,,,,,,,,,Tide gate,,0,0,Non-primary,-124.2121922,43.35332788
63ts1,Coquille,NA,0,0,0,0,0,0,0,0,0,1,0,0,0,0,0,0,0,0,0,0,0,0,0,0,0,,,,0,,,,,,,,,,,,Tide gate,Winter Lake,0,0,Replaced and restored. Winter Lake,-124.25554019,43.21298416
63ts2,Coos,NA,0,0,0,0,0,0,0,0,0,1,0,0,0,0,0,0,0,0,0,0,0,0,0,0,0,,,,0,,,,,,,,,,,,Tide gate,,0,0,Non-primary,-124.21332432,43.35300997
64ts1,Coquille,NA,0,0,0,0,0,0,0,0,0,1,0,0,0,0,0,0,0,0,0,0,0,0,0,0,0,,,,0,,,,,,,,,,,,Tide gate,Winter Lake,0,0,Replaced and restored. Winter Lake,-124.25434838,43.21306041
64ts2,Coos,NA,0,0,0,0,0,0,0,0,0,1,0,0,0,0,0,0,0,0,0,0,0,0,0,0,0,,,,0,,,,,,,,,,,,Tide gate,,0,0,Non-primary,-124.21757152,43.35454106
65ts1,Coquille,NA,0,0,0,0,0,0,0,0,0,1,0,0,0,0,0,0,0,0,0,0,0,0,0,0,0,,,,0,,,,,,,,,,,,Tide gate,Winter Lake,0,0,Replaced and restored. Winter Lake,-124.2518894,43.20958371
65ts2,Coos,NA,1,85000,0,0,0,0,0,0,0,1,0,0,0,0.00393251013000426,0,0.00352121424440338,0.00595070315669139,0.00362761810341067,0.0162162162162162,0,0.00420732173373512,0.0452824801373196,0.00419455664035042,0.0204918032786885,0.0344827586206896,,,,0.0904937126726182,,6.21246814727783,0.0153854805976152,6.51712131500244,3,,8.02217769622802,0.170122951269149,7.91452264785766,5,1,Tide gate,,1,0,,-124.2129674,43.32543836
66ts1,Coquille,NA,0,0,0,0,0,0,0,0,0,1,0,0,0,0,0,0,0,0,0,0,0,0,0,0,0,,,,0,,,,,,,,,,,,Tide gate,Winter Lake,0,0,Replaced and restored. Winter Lake,-124.24960189,43.20961468
66ts2,Coos,NA,1,450000,0,0,0,0,0,0,0,1,0.0617245133051888,0.128019122640451,0.0794371111420865,0.101445451126359,0,0.0252159273961708,0.00953022168314886,0.0271812266709501,0,0,0.0320573067599873,0.204180091856091,0.0304581865536279,0,0,0.924396571273686,0.921521447134279,0.922225756333319,2.33443149608949,,44.4883880615234,0.0246402882039546,48.8318634033203,,,61.1242561340332,0.76708960533142,57.4701995849609,,,Tide gate,,1,0,,-124.2414287,43.29152458
67ts1,Coquille,NA,0,0,0,0,0,0,0,0,0,1,0,0,0,0,0,0,0,0,0,0,0,0,0,0,0,,,,0,,,,,,,,,,,,Tide gate,Winter Lake,0,0,Replaced and restored. Winter Lake,-124.24842124,43.2096485
67ts2,Coos,NA,1,85000,0,0,0,0,0,0,0,1,0,0,0,0.0211991812871425,0,0.000818125575221741,0,0.000840815473470741,0.0054054054054054,0,0.00159885068643001,0.0309157584752894,0.00152475561466135,0.0040983606557377,0,,,,0.487829034604761,,1.44341659545898,,1.51054942607879,1,,3.04855799674987,0.116148233413696,2.87699365615844,1,,Tide gate,,1,0,,-124.22805109,43.26951909
68ts1,Coquille,NA,0,0,0,0,0,0,0,0,0,1,0,0,0,0,0,0,0,0,0,0,0,0,0,0,0,,,,0,,,,,,,,,,,,Tide gate,Winter Lake,0,0,Replaced and restored. Winter Lake,-124.24780709,43.2095599
68ts2,Coos,NA,1,60000,0,0,0,0,0,0,0,1,0,0,0,0,0,0.0143500137894082,0.0546434166189535,0.014237682971708,0.0054054054054054,0,0.0142643724051025,0.0505761606775916,0,0.0122950819672131,0,,,,0,,25.3176879882812,0.141279980540275,25.5784111022949,1,,27.1981410980224,0.190010920166969,,3,,Tide gate,,1,0,,-124.10324444,43.3787493
69ts1,Coquille,NA,0,0,0,0,0,0,0,0,0,1,0,0,0,0,0,0,0,0,0,0,0,0,0,0,0,,,,0,,,,,,,,,,,,Tide gate,Winter Lake,0,0,Replaced and restored. Winter Lake,-124.24642802,43.20965594
69ts2,Coos,NA,1,60000,0,0,0,0,0,0,0,1,0,0,0,0,0,0.00411557166507001,0,0.00425703297343387,0,0,0.00415269893461436,0.0571888755980253,0,0.0040983606557377,0,,,,0,,7.2610912322998,,7.64788341522216,,,7.91802740097045,0.214854404330253,,1,,Tide gate,,1,0,,-124.11015596,43.37596846
6ts2,Coos,NA,1,450000,0.400000005960464,0.400000005960464,0.400000005960464,0.400000005960464,0,0,0,1,0.189729950538233,0,0.247498749928442,0.218559300258203,0,0.0527107439140138,0.234159646945421,0.0538046268554693,0.0702702702702702,0,0.0576719166467614,0.250806463281551,0.0576423764490166,0.102459016393442,0,2.84142727668499,,2.87333865195634,5.02941934429878,,92.9974136352539,0.605417311191558,96.6615753173828,13,,109.96410369873,0.942261457443237,108.762840270996,25,,Tide gate,,1,1,,-124.15671335,43.33678311
6ts5,Umpqua,NA,1,60000,0,0,0,0,0,0,0,1,0,0,0,0,0,6.46E-06,0,6.34E-06,0,0,0.0015501861060954,0.0352109742657744,0.000917990626294508,0.0040983606557377,0,,,,0,,0.0113902688026428,,0.0113902688026428,,,2.95576834678649,0.132285043597221,1.73211574554443,1,,Tide gate,,1,0,,-124.08873333,43.70185
70ts1,Coquille,NA,0,0,0,0,0,0,0,0,0,1,0,0,0,0,0,0,0,0,0,0,0,0,0,0,0,,,,0,,,,,,,,,,,,Tide gate,Winter Lake,0,0,Replaced and restored. Winter Lake,-124.24278102,43.20975619
70ts2,Coos,71ts2,0,0,0,0,0,0,0,0,0,1,0,0,0,0,0,0,0,0,0,0,0,0,0,0,0,,,,0,,,,,,,,,,,,Tide gate,,0,0,Non-primary,-124.11511624,43.37694124
7100fs2,Coos,45ts2,1,300000,0.100000001490116,0,0.100000001490116,0.400000005960464,0,0,0,1,0.0602786024986966,0,0.0672034369438967,0.0850925780245409,0,0,0,0,0,0,0,0,0,0,0,0.902742370692462,,0.78019882108915,1.95812421373643,,,,,,,,,,,,Upstream,,0,0,,-124.15930268,43.40540958
71ts1,Coquille,NA,0,0,0,0,0,0,0,0,0,1,0,0,0,0,0,0,0,0,0,0,0,0,0,0,0,,,,0,,,,,,,,,,,,Tide gate,Winter Lake,0,0,Replaced and restored. Winter Lake,-124.24312981,43.21009071
71ts2,Coos,NA,1,85000,0,0,0,0,0,0,0,1,0,0,0,0.011650056912924,0,0.0084640217568564,0.0187543444366175,0.00832479345462978,0,0,0.00991809525605164,0.0156619839218839,0,0.0122950819672131,0,,,,0.268087523755891,,14.9330492019653,0.0484891608357429,14.9557332992553,,,18.9110145568847,0.0588409230113029,,3,,Tide gate,,1,0,,-124.11499112,43.37691921
72ts1,Coquille,NA,0,0,0,0,0,0,0,0,0,1,0,0,0,0,0,0,0,0,0,0,0,0,0,0,0,,,,0,,,,,,,,,,,,Tide gate,Winter Lake,0,0,Replaced and restored. Winter Lake,-124.2429784,43.20682508
72ts2,Coos,NA,1,60000,0,0,0,0,0,0,0,1,0.0129000838329195,0,0,0.00919111510607689,0,0.00618574993260971,0.00558111950437413,0.00608875398463263,0.0054054054054054,0,0.00601704722494863,0.00637971065972097,0,0.0040983606557377,0,0.193193799768551,,,0.211503111766779,,10.9135007858276,0.0144299259409308,10.9386234283447,1,,11.4728145599365,0.0239681042730808,,1,,Tide gate,,1,0,,-124.11735595,43.37734338
73ts1,Coquille,NA,0,0,0,0,0,0,0,0,0,1,0,0,0,0,0,0,0,0,0,0,0,0,0,0,0,,,,0,,,,,,,,,,,,Tide gate,Winter Lake,0,0,Replaced and restored. Winter Lake,-124.24341003,43.2058271
73ts2,Coos,NA,1,85000,0,0,0,0,0,0,0,1,0.0136493678680856,0,0,0.0261384296135371,0,0.0204409404590925,0.0235948900111754,0.0228795747768286,0,0,0.0197386142697903,0.095891358962975,0.0145807482923242,0,0,0.204415202027213,,,0.601489496775515,,36.0638923645019,0.0610043406486511,41.1038208007812,,,37.6359786987304,0.360256791114807,27.5117664337158,,,Tide gate,,1,0,,-124.12749748,43.37753108
74ts1,Coquille,NA,0,0,0,0,0,0,0,0,0,1,0,0,0,0,0,0,0,0,0,0,0,0,0,0,0,,,,0,,,,,,,,,,,,Tide gate,Winter Lake,0,0,Replaced and restored. Winter Lake,-124.24358053,43.2057228
74ts2,Coos,NA,1,60000,0,0,0,0,0,0,0,1,0.0178103129295175,0,0,0,0,0.0160567319815054,0,0.0165900263593547,0,0,0.0148693673147805,0,0.0160328823928466,0,0,0.266730206910734,,,0,,28.3288459777832,,29.8044643402099,,,28.3516960144042,,30.2517337799072,,,Tide gate,,1,0,,-124.13185201,43.37635958
75ts1,Coquille,NA,0,0,0,0,0,0,0,0,0,1,0,0,0,0,0,0,0,0,0,0,0,0,0,0,0,,,,0,,,,,,,,,,,,Tide gate,Winter Lake,0,0,Replaced and restored. Winter Lake,-124.24970696,43.20616552
75ts2,Coos,NA,0,0,0,0,0,0,0,0,0,1,0,0,0,0,0,0,0,0,0,0,0,0,0,0,0,,,,0,,,,,,,,,,,,Tide gate,,0,0,Non-primary,-124.13306268,43.37715447
76ts1,Coquille,NA,0,0,0,0,0,0,0,0,0,1,0,0,0,0,0,0,0,0,0,0,0,0,0,0,0,,,,0,,,,,,,,,,,,Tide gate,Winter Lake,0,0,Replaced and restored. Winter Lake,-124.24980483,43.20617339
76ts2,Coos,NA,1,85000,0,0,0,0,0,0,0,1,0,0,0,0.0246758428913978,0,0.000965004051654895,0.00386124447798937,0.00094769069595753,0,0,0.00183316123513324,0.0249928653891699,0.00142201297140004,0,0,,,,0.56783290131446,,1.70255386829376,0.00998320709913969,1.70255386829376,,,3.49532222747802,0.0938963592052459,2.68313312530517,,,Tide gate,,1,0,,-124.13450112,43.37677369
77ts1,Coquille,NA,0,0,0,0,0,0,0,0,0,1,0,0,0,0,0,0,0,0,0,0,0,0,0,0,0,,,,0,,,,,,,,,,,,Tide gate,Winter Lake,0,0,Replaced and restored. Winter Lake,-124.25339477,43.20258477
77ts2,Coos,NA,1,60000,0,0,0,0,0,0,0,1,0.0192757060391339,0,0,0.0125447621077448,0,0.0217193039676825,0,0.021948009555644,0.0108108108108108,0,0.0201296654856257,0,0.0211443867037076,0.00819672131147541,0,0.288676177701947,,,0.288676204306022,,38.3193054199218,,39.4302368164062,2,,38.3816032409668,,39.8964042663574,2,,Tide gate,,1,0,,-124.134668,43.37540419
78ts1,Coquille,NA,0,0,0,0,0,0,0,0,0,1,0,0,0,0,0,0,0,0,0,0,0,0,0,0,0,,,,0,,,,,,,,,,,,Tide gate,Winter Lake,0,0,Replaced and restored. Winter Lake,-124.25002676,43.20255968
78ts2,Coos,NA,1,60000,0,0,0,0,0,0,0,1,0,0,0,0,0,0,0,0,0,0,0.000436235739998039,0,0,0,0,,,,0,,,,,,,0.831778705120086,,,,,Tide gate,,1,0,,-124.13774807,43.37587164
7958fs1,Coquille,29413fs1,0,75000,1,1,1,1,0,0,0,1,0,0,0,0,0,0,0,0,0,0,0,0,0,0,0,,,,0,,,,,,,,,,,,Upstream,Sevenmile Creek,0,0,Stream barrier other than culvert,-124.34938871,43.20398022
79ts1,Coquille,NA,0,0,0,0,0,0,0,0,0,1,0,0,0,0,0,0,0,0,0,0,0,0,0,0,0,,,,0,,,,,,,,,,,,Tide gate,Winter Lake,0,0,Replaced and restored. Winter Lake,-124.24502065,43.20253684
79ts2,Coos,NA,1,60000,0,0,0,0,0,0,0,1,0.0247385678279432,0,0,0.0168588558603063,0,0.0227553647232757,0,0.0227206978062216,0.0486486486486486,0,0.0212320917625452,0,0.0218452307515739,0.0368852459016393,0,0.370488903902784,,,0.387950801848281,,40.1472244262695,,40.8183937072753,9,,40.4836196899414,,41.2187957763671,9,,Tide gate,,1,0,,-124.13855587,43.37402805
7ts2,Coos,NA,0,0,0,0,0,0,0,0,0,1,0,0,0,0,0,0,0,0,0,0,0,0,0,0,0,,,,0,,,,,,,,,,,,Tide gate,,0,0,Non-primary,-124.15864618,43.33352251
7ts5,Umpqua,NA,1,60000,0,0,0,0,0,0,0,1,0,0,0,0,0,0.0108504065765168,0.350825555919596,0.0106557369808834,0.681081081081081,0.181818181818181,0.0113413105319216,0.253588644199924,0.0110098931101076,0.520491803278688,0.0689655172413793,,,,0,,19.1433410644531,0.907055795192718,19.1433410644531,126,2,21.6246852874755,0.952713906764984,20.7740783691406,127,2,Tide gate,,1,0,,-124.10261667,43.70593333
8057fs1,Coquille,23ts1,1,75000,1,1,1,1,0,0,0,1,0,0,0.00137017779695854,0.0224972071304237,0,0,0,0,0,0,0,0,0,0,0,,,0.0159070897335508,0.517698805773893,,,,,,,,,,,,Upstream,Hamdock Creek,0,0,,-124.33141659,43.12883955
80ts1,Coquille,NA,0,0,0,0,0,0,0,0,0,1,0,0,0,0,0,0,0,0,0,0,0,0,0,0,0,,,,0,,,,,,,,,,,,Tide gate,Winter Lake,0,0,Replaced and restored. Winter Lake,-124.24308117,43.20253292
80ts2,Coos,NA,1,60000,0,0,0,0,0,0,0,1,0,0,0,0,0,0.00255868404461333,0.0173611119115807,0.00251407204518859,0.0054054054054054,0,0.00316891160980105,0.0192563316855031,0.00300567246440976,0.0204918032786885,0,,,,0,,4.51427888870239,0.0448869727551937,4.51660346984863,1,,6.04222202301025,0.0723446235060691,5.67126989364624,5,,Tide gate,,1,0,,-124.14417282,43.37323585
81ts1,Coquille,NA,0,0,0,0,0,0,0,0,0,1,0,0,0,0,0,0,0,0,0,0,0,0,0,0,0,,,,0,,,,,,,,,,,,Tide gate,Winter Lake,0,0,Replaced and restored. Winter Lake,-124.24187444,43.20252816
81ts2,Coos,NA,0,0,0,0,0,0,0,0,0,1,0,0,0,0,0,0,0,0,0,0,0,0,0,0,0,,,,0,,,,,,,,,,,,Tide gate,,0,0,Non-primary,-124.14715441,43.36974625
82ts1,Coquille,NA,0,0,0,0,0,0,0,0,0,1,0,0,0,0,0,0,0,0,0,0,0,0,0,0,0,,,,0,,,,,,,,,,,,Tide gate,Winter Lake,0,0,Replaced and restored. Winter Lake,-124.23676344,43.19994613
82ts2,Coos,NA,1,150000,0,0,0,0,0,0,0,1,0.090718756328105,0.00574358542076927,0.00410635674346838,0.0519488821186008,0,0.0796129981466979,0,0.0799196411184055,0.0486486486486486,0,0.0741352886717063,0,0.0766383096179424,0.0368852459016393,0,1.3586191742862,0.041344113594278,0.047672780380267,1.19543168528323,,140.460983276367,,143.57795715332,9,,141.355117797851,,144.605422973632,9,,Tide gate,,1,0,,-124.15774364,43.36103036
83ts1,Coquille,NA,0,0,0,0,0,0,0,0,0,1,0,0,0,0,0,0,0,0,0,0,0,0,0,0,0,,,,0,,,,,,,,,,,,Tide gate,Winter Lake,0,0,Replaced and restored. Winter Lake,-124.25325167,43.1954246
83ts2,Coos,NA,1,85000,0,0,0,0,0,0,0,1,0.0283580095621311,0,0,0.0245177234673149,0,0.00731134638246324,0,0.00718017186528982,0,0,0.00832065290998235,0.0266762377066387,0,0.00819672131147541,0,0.424694264947355,,,0.564194305797122,,12.8993873596191,,12.8993873596191,,,15.8651418685913,0.100220665335655,,2,,Tide gate,,1,0,,-124.12241815,43.37836831
84ts1,Coquille,NA,0,0,0,0,0,0,0,0,0,1,0,0,0,0,0,0,0,0,0,0,0,0,0,0,0,,,,0,,,,,,,,,,,,Tide gate,Winter Lake,0,0,Replaced and restored. Winter Lake,-124.25311389,43.19531175
84ts2,Coos,NA,1,85000,0,0,0,0,0,0,0,1,0,0,0,0,0,0.0362919340195149,0,0.0357713400800126,0,0,0.0417283283750016,0.028019605440949,0,0.0122950819672131,0,,,,0,,64.0297546386718,,64.2642517089843,,,79.5641708374023,0.105267599225044,,3,,Tide gate,,1,0,,-124.09796058,43.3784776
85ts1,Coquille,NA,0,0,0,0,0,0,0,0,0,1,0,0,0,0,0,0,0,0,0,0,0,0,0,0,0,,,,0,,,,,,,,,,,,Tide gate,Winter Lake,0,0,Replaced and restored. Winter Lake,-124.2525584,43.19540932
85ts2,Coos,NA,1,85000,0,0,0,0,0,0,0,1,0,0,1.86E-05,0.0177228261544487,0,0.00911358459438728,0,0.00895786529994973,0.0216216216216216,0,0.0103340587036855,0.00361392674328512,0,0.0327868852459016,0,,,0.000215931542193335,0.407832220324302,,16.0790710449218,,16.0930652618408,4,,19.7041397094726,0.0135772572830319,,8,,Tide gate,,1,0,,-124.0973968,43.3806262
86ts1,Coquille,NA,0,0,0,0,0,0,0,0,0,1,0,0,0,0,0,0,0,0,0,0,0,0,0,0,0,,,,0,,,,,,,,,,,,Tide gate,Winter Lake,0,0,Replaced and restored. Winter Lake,-124.24931188,43.19538192
86ts2,Coos,NA,0,0,0,0,0,0,0,0,0,1,0,0,0,0,0,0,0,0,0,0,0,0,0,0,0,,,,0,,,,,,,,,,,,Tide gate,,0,0,Non-primary,-124.12281385,43.37847175
87ts1,Coquille,NA,0,0,0,0,0,0,0,0,0,1,0,0,0,0,0,0,0,0,0,0,0,0,0,0,0,,,,0,,,,,,,,,,,,Tide gate,Winter Lake,0,0,Replaced and restored. Winter Lake,-124.2472138,43.19536622
87ts2,Coos,NA,1,85000,0,0,0,0,0,0,0,1,0,0,0,0,0,0,0,0,0,0,0.00101164771827884,0.0302559676093427,0,0,0,,,,0,,,,,,,1.92892730236053,0.113669447600841,,,,Tide gate,,1,0,,-124.09268234,43.37430096
88fs2,Coos,29009fs2,1,150000,0.400000005960464,0.400000005960464,0.400000005960464,0.400000005960464,0,0,0,1,0,0,0,0.00715276467567144,0,0,0,0,0,0,0,0,0,0,0,,,,0.16459721907299,,,,,,,,,,,,Upstream,,0,0,,-124.23667434,43.3881071
88ts1,Coquille,NA,0,0,0,0,0,0,0,0,0,1,0,0,0,0,0,0,0,0,0,0,0,0,0,0,0,,,,0,,,,,,,,,,,,Tide gate,Winter Lake,0,0,Replaced and restored. Winter Lake,-124.24539813,43.19524822
88ts2,Coos,NA,0,0,0,0,0,0,0,0,0,1,0,0,0,0,0,0,0,0,0,0,0,0,0,0,0,,,,0,,,,,,,,,,,,Tide gate,,0,0,Non-primary,-124.07666747,43.37423562
8916fs2,Coos,35752fs2,1,300000,1,1,1,1,0,0,0,1,0.134594011024498,0.169918516826516,0.200759860674127,0.175224597857649,0,0,0,0,0,0,0,0,0,0,0,2.01570228168263,1.22312631340753,2.3307231555841,4.03221451121551,,,,,,,,,,,,Upstream,,0,0,,-124.18227758,43.32666963
8917fs2,Coos,66ts2,1,300000,1,1,1,1,0,0,0,1,0.0687128434674081,0.143055670799282,0.0886389767754283,0.0531272472798892,0,0,0,0,0,0,0,0,0,0,0,1.02905496540218,1.02975919578802,1.02905488658967,1.22254786167028,,,,,,,,,,,,Upstream,,0,0,,-124.25542496,43.28564193
8918fs2,Coos,66ts2,1,300000,1,0,1,1,0,0,0,1,0,0,0,0.0287080912046978,0,0,0,0,0,0,0,0,0,0,0,,,,0.66062175836135,,,,,,,,,,,,Upstream,,0,0,,-124.25884314,43.28042208
89fs2,Coos,29009fs2,1,150000,0.400000005960464,0.400000005960464,0.400000005960464,0.400000005960464,0,0,0,1,0,0,0,0.022899058807092,0,0,0,0,0,0,0,0,0,0,0,,,,0.526946092866169,,,,,,,,,,,,Upstream,,0,0,,-124.23791309,43.38621434
89ts1,Coquille,NA,0,0,0,0,0,0,0,0,0,1,0,0,0,0,0,0,0,0,0,0,0,0,0,0,0,,,,0,,,,,,,,,,,,Tide gate,Winter Lake,0,0,Replaced and restored. Winter Lake,-124.23949902,43.19531944
89ts2,Coos,NA,1,150000,0,0,0,0,0,0,0,1,0,0,0,0,0,0.0313201881226768,0,0.0308054680840047,0,0.0909090909090909,0.0438628376851819,0,0,0,0.0344827586206896,,,,0,,55.2581176757812,,55.342918395996,,1,83.6340789794921,,,,1,Tide gate,,1,0,,-124.08453426,43.3742202
8ts2,Coos,NA,1,60000,0,0,0,0,0,0,0,1,0,0,0,0,0,0.0165524380303438,0.0337813518706413,0.0185664035963173,0.0054054054054054,0,0.0154787026586769,0.0244318794433854,0.0179985389096714,0.0122950819672131,0,,,,0,,29.2034187316894,0.0873413309454917,33.3550834655761,1,,29.5135269165039,0.0917887762188911,33.9606437683105,3,,Tide gate,,1,0,,-124.1604287,43.34002205
8ts5,Umpqua,NA,1,60000,0,0,0,0,0,0,0,1,0,0,0,0,0,0.00234192183745837,0.0443100951658696,0.00229990488870275,0,0,0.0128893390500809,0.115750088908959,0.00628682222743808,0.00819672131147541,0.206896551724137,,,,0,,4.13184595108032,0.114563286304473,4.13184595108032,,,24.5763397216796,0.434864580631256,11.8623256683349,2,6,Tide gate,,1,0,,-124.10251559,43.70624331
900ts1,Coquille,NA,1,390000,0,0,0,0,0,0,0,1,0,0,0,0.0449196647048313,0,0.0447892287562507,0,0.0491845245545236,0,0,0.0415815238660941,0.00182602499484854,0.0484503590610437,0.0040983606557377,0,,,,1.03367749777289,,79.0215072631836,,88.3614273071289,,,79.2842559814453,0.00686024175956845,91.418830871582,1,,Tide gate,Herman Ranch,1,0,,-124.36213024,43.15825058
9040fs1,Coquille,3703fs1,1,75000,0,0,0,0,0,0,0,1,0,0,0,0,0,0,0,0,0,0,0,0,0,0,0,,,,0,,,,,,,,,,,,Upstream,Gray Creek,0,0,,-124.15692787,43.11189678
90fs2,Coos,29010fs2,1,300000,1,1,1,1,0,0,0,1,0,0,0,0.0165201726863067,0,0,0,0,0,0,0,0,0,0,0,,,,0.380157128895953,,,,,,,,,,,,Upstream,,0,0,,-124.24031208,43.38542553
90ts1,Coquille,NA,0,0,0,0,0,0,0,0,0,1,0,0,0,0,0,0,0,0,0,0,0,0,0,0,0,,,,0,,,,,,,,,,,,Tide gate,,0,0,,-124.23894276,43.19518728
90ts2,Coos,NA,0,0,0,0,0,0,0,0,0,1,0,0,0,0,0,0,0,0,0,0,0,0,0,0,0,,,,0,,,,,,,,,,,,Tide gate,,0,0,Non-primary,-124.09012777,43.37416177
91ts1,Coquille,NA,0,0,0,0,0,0,0,0,0,1,0,0,0,0,0,0,0,0,0,0,0,0,0,0,0,,,,0,,,,,,,,,,,,Tide gate,,0,0,,-124.23525591,43.19519443
91ts2,Coos,NA,1,60000,0,0,0,0,0,0,0,1,0,0,0,0,0,0.0310700756383292,0,0.0307435208653622,0,0.0909090909090909,0.0301879350597576,0,0,0,0.0344827586206896,,,,0,,54.8168449401855,,55.2316284179687,,1,57.5598907470703,,,,1,Tide gate,,1,0,,-124.09196315,43.37785023
92ts1,Coquille,NA,0,0,0,0,0,0,0,0,0,1,0,0,0,0,0,0,0,0,0,0,0,0,0,0,0,,,,0,,,,,,,,,,,,Tide gate,,0,0,,-124.23257976,43.1952881
92ts2,Coos,NA,0,0,0,0,0,0,0,0,0,1,0,0,0,0,0,0,0,0,0,0,0,0,0,0,0,,,,0,,,,,,,,,,,,Tide gate,,0,0,Non-primary,-124.08597694,43.37836117
93ts1,Coquille,NA,0,0,0,0,0,0,0,0,0,1,0,0,0,0,0,0,0,0,0,0,0,0,0,0,0,,,,0,,,,,,,,,,,,Tide gate,,0,0,,-124.23031792,43.19459351
93ts2,Coos,NA,1,200000,0,0,0,0,0,0,0,1,0,0,0,0.0667086675141739,0,0.0382201809062429,0.00165500096870908,0.0382392107624525,0,0,0.0443675084445503,0.103229195938085,0,0.0040983606557377,0,,,,1.53507932369759,,67.4317550659179,0.0042789876461029,68.6978530883789,,,84.5963439941406,0.38782450556755,,1,,Tide gate,,1,0,,-124.08964262,43.3855694
94ts1,Coquille,NA,0,0,0,0,0,0,0,0,0,1,0,0,0,0,0,0,0,0,0,0,0,0,0,0,0,,,,0,,,,,,,,,,,,Tide gate,,0,0,,-124.22852065,43.19322503
94ts2,Coos,NA,0,0,0,0,0,0,0,0,0,1,0,0,0,0,0,0,0,0,0,0,0,0,0,0,0,,,,0,,,,,,,,,,,,Tide gate,,0,0,Non-primary,-124.08972889,43.38598229
95ts1,Coquille,NA,0,0,0,0,0,0,0,0,0,1,0,0,0,0,0,0,0,0,0,0,0,0,0,0,0,,,,0,,,,,,,,,,,,Tide gate,,0,0,,-124.22670092,43.19239806
95ts2,Coos,NA,0,0,0,0,0,0,0,0,0,1,0,0,0,0,0,0,0,0,0,0,0,0,0,0,0,,,,0,,,,,,,,,,,,Tide gate,,0,0,Non-primary,-124.08989126,43.38698532
96ts1,Coquille,NA,0,0,0,0,0,0,0,0,0,1,0,0,0,0,0,0,0,0,0,0,0,0,0,0,0,,,,0,,,,,,,,,,,,Tide gate,,0,0,,-124.22656273,43.19239192
96ts2,Coos,NA,1,60000,0,0,0,0,0,0,0,1,0,0,0,0,0,0.00885349210796809,0,0.00872386984185678,0,0,0.0108836453046853,0,0,0,0,,,,0,,15.6201906204223,,15.6726856231689,,,20.752046585083,,,,,Tide gate,,1,0,,-124.08930777,43.38346869
97ts1,Coquille,NA,0,0,0,0,0,0,0,0,0,1,0,0,0,0,0,0,0,0,0,0,0,0,0,0,0,,,,0,,,,,,,,,,,,Tide gate,,0,0,,-124.22578858,43.19182651
97ts2,Coos,NA,1,200000,0,0,0,0,0,0,0,1,0.109406548153293,0,0.113000000693288,0.0768809790059334,0,0.00504475996604747,0.0751027103659433,0.00711312324838899,0.054054054054054,0,0.0131074801308746,0.267165235873375,0.0167918155651366,0.139344262295081,0.206896551724137,1.63849065099541,,1.3118743822221,1.76916142467635,,8.90045547485351,0.194177269935607,12.7789325714111,10,,24.9922733306884,1.00372016429901,31.6837310791015,34,6,Tide gate,,1,0,,-124.21219171,43.36581452
9873fs2,Coos,99ts2,1,300000,1,0,1,1,0,0,0,1,0,0,0,0,0,0,0,0,0,0,0,0,0,0,0,,,,0,,,,,,,,,,,,Upstream,,0,0,,-124.19812772,43.52022164
98ts1,Coquille,NA,0,0,0,0,0,0,0,0,0,1,0,0,0,0,0,0,0,0,0,0,0,0,0,0,0,,,,0,,,,,,,,,,,,Tide gate,,0,0,,-124.22472305,43.19113748
98ts2,Coos,NA,1,200000,0,0,0,0,0,0,0,1,0.0621000879558954,0,0.107201436016963,0.0735694364879785,0,0.00687587115693758,0.0346024636471283,0.00708381807764484,0,0,0.00682455705203581,0.0254186891709775,0.00788528603175843,0,0,0.9300212396717,,1.24455590075434,1.69295722755642,,12.131079673767,0.0894643068313598,12.7262849807739,,,13.0125083923339,0.0954961478710174,14.8783960342407,,,Tide gate,,1,0,,-124.21945842,43.25947233
99ts1,Coquille,NA,0,0,0,0,0,0,0,0,0,1,0,0,0,0,0,0,0,0,0,0,0,0,0,0,0,,,,0,,,,,,,,,,,,Tide gate,,0,0,,-124.2220298,43.18808191
99ts2,Coos,NA,1,1000000,0.800000011920929,0.800000011920929,0.800000011920929,0.800000011920929,0,0,0,1,0.416124101048635,0,0.664885468603892,0.667477333324709,0,0.143658191980943,0.749816102038217,0.169437257825317,0.0216216216216216,0.454545454545454,0.167151584232281,0.725480863568091,0.194548195618058,0.0327868852459016,0.206896551724137,6.23194370657543,,7.71899299134245,15.3597829428366,,253.455734252929,1.93864166736602,304.398956298828,4,5,318.710998535156,2.72557830810546,367.084350585937,8,6,Tide gate,,1,1,,-124.22029452,43.49068901
9ts1,Coquille,NA,0,0,0,0,0,0,0,0,0,1,0,0,0,0,0,0,0,0,0,0,0,0,0,0,0,,,,0,,,,,,,,,,,,Tide gate,,0,0,,-124.27498867,43.17404453
9ts2,Coos,NA,1,85000,0,0,0,0,0,0,0,1,0,0,0,0,0,0.022377226266408,0.145968044680311,0.0244469706327971,0.0216216216216216,0,0.0208461382311479,0.105644222834156,0.0239703798980418,0.0163934426229508,0,,,,0,,39.4800758361816,0.37739884853363,43.919692993164,4,,39.7477149963378,0.396897584199905,45.228645324707,4,,Tide gate,,1,0,,-124.15804424,43.3284982
9ts5,Umpqua,NA,1,85000,0,0,0,0,0,0,0,1,0,0,0,0.015517271611028,0,0.00116691835032251,0.108227108841865,0.0230722048490857,0,0,0.00187251661440993,0.104185800179366,0.0228465956726352,0.00819672131147541,0,,,,0.357078678047759,,2.05879068374633,0.279820054769516,41.4498863220214,,,3.57036185264587,0.391418397426605,43.108226776123,2,,Tide gate,Butler Cr Farms,1,0,,-124.06396667,43.6996
