BARID,REGION,DSID,NPROJ,COST,PREPASS_CO,PREPASS_CH,PREPASS_ST,PREPASS_CT,PREPASS_CU,PREPASS_FISH,PREPASS_AgrInf,POSTPASS,sCO,sCH,sST,sCT,sCU,sAgri_Current,sRoadRail_Current,sInundHab_Current,sBuilding_Current,sPublicUse_Current,sAgri_Future,sRoadRail_Future,sInundHab_Future,sBuilding_Future,sPublicUse_Future,Coho_salmon,Chinook_salmon,Steelhead,Cutthroat_Trout,Chum,Agri_Current,RoadRail_Current,InundHab_Current,Building_Current,PublicUse_Current,Agri_Future,RoadRail_Future,InundHab_Future,Building_Future,PublicUse_Future,BarrierType,Name,PrimaryTG,DominantTG,Exclude_Reason,POINT_X,POINT_Y
039Ats1,Coquille,NA,0,0,0,0,0,0,0,0,0,1,0,0,0,0,0,0,0,0,0,0,0,0,0,0,0,,,,0,,,,,,,,,,,,Tide gate,Fat Elk,0,0,landowner not in interested,-124.2291048,43.17654891
039Bts1,Coquille,NA,0,0,0,0,0,0,0,0,0,1,0,0,0,0,0,0,0,0,0,0,0,0,0,0,0,,,,0,,,,,,,,,,,,Tide gate,Fat Elk,0,0,landowner not in interested,-124.2290481,43.17656143
039Cts1,Coquille,NA,0,0,0,0,0,0,0,0,0,1,0,0,0,0,0,0,0,0,0,0,0,0,0,0,0,,,,0,,,,,,,,,,,,Tide gate,Fat Elk,0,0,landowner not in interested,-124.2289997,43.17658578
039Dts1,Coquille,NA,0,0,0,0,0,0,0,0,0,1,0,0,0,0,0,0,0,0,0,0,0,0,0,0,0,,,,0,,,,,,,,,,,,Tide gate,Fat Elk,0,0,landowner not in interested,-124.2289309,43.17660141
039Ets1,Coquille,NA,0,0,0,0,0,0,0,0,0,1,0,0,0,0,0,0,0,0,0,0,0,0,0,0,0,,,,0,,,,,,,,,,,,Tide gate,Fat Elk,1,0,landowner not in interested,-124.2288827,43.17662331
0ts2,Coos,46ts2,0,0,0,0,0,0,0,0,0,1,0,0,0,0,0,0,0,0,0,0,0,0,0,0,0,,,,0,,,,,,,,,,,,Tide gate,,0,0,Non-primary,-124.1841823,43.42460819
100ts1,Coquille,NA,0,0,0,0,0,0,0,0,0,1,0,0,0,0,0,0,0,0,0,0,0,0,0,0,0,,,,0,,,,,,,,,,,,Tide gate,Winter Lake,0,0,Replaced and restored. Winter Lake,-124.2211469,43.18690963
100ts2,Coos,99ts2,1,85000,0,0,0,0,0,0,0,1,0,0,0,0,0,0.006106399,0.018374966,0.00599922,0,0,0.007981249,0.016201057,0.00704347,0,0,,,,0,,10.7735014,0.047508281,10.77777386,,,15.21799374,0.060866181,13.29001141,,,Tide gate,,1,0,,-124.2163056,43.48989397
10145fs1,Coquille,15ts1,1,75000,1,1,1,1,0,0,0,1,0.069492567,0,0.090526999,0.08344848,0,0,0,0,0,0,0,0,0,0,0,1.04073224,,1.050973891,1.920290735,,,,,,,,,,,,Upstream,Alder Creek,0,0,,-124.2865229,43.14035302
10150fs2,Coos,10151fs2,1,150000,1,0,1,1,0,0,0,1,0,0,0,0.018289316,0,0,0,0,0,0,0,0,0,0,0,,,,0.420868107,,,,,,,,,,,,Upstream,,0,0,,-124.1485701,43.42819757
10151fs2,Coos,46ts2,1,300000,1,1,1,1,0,0,0,1,0.09750801,0,0.125784495,0.132579666,0,0,0,0,0,0,0,0,0,0,0,1.460296167,,1.460296067,3.050882476,,,,,,,,,,,,Upstream,,0,0,,-124.1708426,43.43144802
10152fs2,Coos,46ts2,1,150000,1,0,1,1,0,0,0,1,0,0,0,0.035391763,0,0,0,0,0,0,0,0,0,0,0,,,,0.814424365,,,,,,,,,,,,Upstream,,0,0,,-124.1735299,43.43142484
10153fs2,Coos,48ts2,1,300000,1,0,1,1,0,0,0,1,0.200048254,0.060567905,0.275082929,0.142194762,0,0,0,0,0,0,0,0,0,0,0,2.995955898,0.435986614,3.193577388,3.272142092,,,,,,,,,,,,Upstream,,0,0,,-124.1399773,43.47646442
101ts1,Coquille,NA,0,0,0,0,0,0,0,0,0,1,0,0,0,0,0,0,0,0,0,0,0,0,0,0,0,,,,0,,,,,,,,,,,,Tide gate,Winter Lake,0,0,Replaced and restored. Winter Lake,-124.2209538,43.18441245
101ts2,Coos,NA,0,0,0,0,0,0,0,0,0,1,0,0,0,0,0,0,0,0,0,0,0,0,0,0,0,,,,0,,,,,,,,,,,,Tide gate,,0,0,Non-primary,-124.0634667,43.35725241
10245fs1,Coquille,3978fs1,0,75000,1,1,1,1,0,0,0,1,0,0,0,0,0,0,0,0,0,0,0,0,0,0,0,,,,0,,,,,,,,,,,,Upstream,Sevenmile Creek,0,0,Stream barrier other than culvert,-124.3360864,43.17698942
102ts1,Coquille,NA,0,0,0,0,0,0,0,0,0,1,0,0,0,0,0,0,0,0,0,0,0,0,0,0,0,,,,0,,,,,,,,,,,,Tide gate,Winter Lake,0,0,Replaced and restored. Winter Lake,-124.2403687,43.19279781
102ts2,Coos,NA,0,0,0,0,0,0,0,0,0,1,0,0,0,0,0,0,0,0,0,0,0,0,0,0,0,,,,0,,,,,,,,,,,,Tide gate,,0,0,Non-primary,-124.0766654,43.36106622
10317fs2,Coos,10151fs2,0,0,0,0,0,0,0,0,0,1,0,0,0,0.10839997,0,0,0,0,0,0,0,0,0,0,0,,,,2.494466745,,,,,,,,,,,,Upstream,,0,0,Stream barrier other than culvert,-124.0906188,43.45547944
103ts1,Coquille,NA,0,0,0,0,0,0,0,0,0,1,0,0,0,0,0,0,0,0,0,0,0,0,0,0,0,,,,0,,,,,,,,,,,,Tide gate,Winter Lake,0,0,Replaced and restored. Winter Lake,-124.2402203,43.19158436
103ts2,Coos,NA,0,0,0,0,0,0,0,0,0,1,0,0,0,0,0,0,0,0,0,0,0,0,0,0,0,,,,0,,,,,,,,,,,,Tide gate,,0,0,Non-primary,-124.0959907,43.38051844
104ts1,Coquille,NA,0,0,0,0,0,0,0,0,0,1,0,0,0,0,0,0,0,0,0,0,0,0,0,0,0,,,,0,,,,,,,,,,,,Tide gate,Winter Lake,0,0,Replaced and restored. Winter Lake,-124.2404058,43.19082829
104ts2,Coos,NA,0,0,0,0,0,0,0,0,0,1,0,0,0,0,0,0,0,0,0,0,0,0,0,0,0,,,,0,,,,,,,,,,,,Tide gate,,0,0,Non-primary,-124.0459683,43.40559738
10571fs1,Coquille,3703fs1,1,75000,1,1,1,1,0,0,0,1,0,0,0,0,0,0,0,0,0,0,0,0,0,0,0,,,,0,,,,,,,,,,,,Upstream,Gray Creek,0,0,,-124.1562611,43.11440814
105ts1,Coquille,NA,0,0,0,0,0,0,0,0,0,1,0,0,0,0,0,0,0,0,0,0,0,0,0,0,0,,,,0,,,,,,,,,,,,Tide gate,Winter Lake,0,0,Replaced and restored. Winter Lake,-124.2404706,43.18779885
105ts2,Coos,NA,0,0,0,0,0,0,0,0,0,1,0,0,0,0,0,0,0,0,0,0,0,0,0,0,0,,,,0,,,,,,,,,,,,Tide gate,,0,0,Non-primary,-124.0437779,43.40843206
106ts1,Coquille,NA,0,0,0,0,0,0,0,0,0,1,0,0,0,0,0,0,0,0,0,0,0,0,0,0,0,,,,0,,,,,,,,,,,,Tide gate,Winter Lake,0,0,Replaced and restored. Winter Lake,-124.2403034,43.18777981
106ts2,Coos,NA,1,300000,0,0,0,0,0,0,0,1,0.098006523,0,0.114321591,0.090729626,0,0.03430524,0.051122924,0.033833641,0,0,0.039893786,0.191381818,0,0,0,1.467761978,,1.327217394,2.08784223,,60.52463531,0.132177785,60.7831192,,,76.06621552,0.719007432,,,,Tide gate,,1,0,,-124.1068503,43.37652173
107ts1,Coquille,NA,0,0,0,0,0,0,0,0,0,1,0,0,0,0,0,0,0,0,0,0,0,0,0,0,0,,,,0,,,,,,,,,,,,Tide gate,Winter Lake,0,0,Replaced and restored. Winter Lake,-124.2405454,43.18638403
107ts2,Coos,NA,0,0,0,0,0,0,0,0,0,1,0,0,0,0,0,0,0,0,0,0,0,0,0,0,0,,,,0,,,,,,,,,,,,Tide gate,,0,0,Non-primary,-124.1087329,43.37742695
108ts2,Coos,NA,0,0,0,0,0,0,0,0,0,1,0,0,0,0,0,0,0,0,0,0,0,0,0,0,0,,,,0,,,,,,,,,,,,Tide gate,,0,0,Non-primary,-124.1120124,43.37693085
109ts2,Coos,NA,1,60000,0,0,0,0,0,0,0,1,0.011143887,0,0,0,0,0.002774958,0.058464625,0.002725171,0,0,0.003254513,0.051290752,0,0.012295082,0,0.166892704,,,0,,4.895849705,0.151159674,4.895849705,,,6.205439091,0.192695588,,3,,Tide gate,,1,0,,-124.1193636,43.37771156
10Ats1,Coquille,NA,1,550000,0,0,0,0,0,0,0,1,0.209886222,0,0,0.61603333,0,0.464031647,0.053263859,0.459202709,0,0,0.497847129,0.064900328,0.479906737,0,0,3.143290951,,,14.17596938,,818.6896973,0.137713149,824.9710083,,,949.2542725,0.243825763,905.5147095,,,Tide gate,Foster Dairy,1,0,,-124.2728748,43.18261515
10ts2,Coos,NA,1,60000,0,0,0,0,0,0,0,1,0,0,0,0,0,0.002600357,0.015605044,0.003100726,0.010810811,0,0.002543835,0.011523726,0.003167788,0.008196721,0,,,,0,,4.58780241,0.040346678,5.570545197,2,,4.850377083,0.043293793,5.977159023,2,,Tide gate,,1,0,,-124.1558065,43.32542639
10ts5,Umpqua,NA,0,0,0,0,0,0,0,0,0,1,0,0,0,0,0,0,0,0,0,0,0,0,0,0,0,,,,0,,,,,,,,,,,,Tide gate,Butler Cr Farms,0,0,Non-primary tide gate,-124.0669,43.70293333
110ts2,Coos,NA,1,85000,0,0,0,0,0,0,0,1,0,0,0,0,0,0,0,0,0,0,0,0,0,0,0,,,,0,,,,,,,,,,,,Tide gate,,0,0,,-124.1246252,43.37875099
111ts2,Coos,NA,1,60000,0,0,0,0,0,0,0,1,0,0,0,0,0,0.006321095,0,0.006368778,0,0,0.006267161,0,0.0063165,0,0,,,,0,,11.15229034,,11.44169521,,,11.94971085,,11.91832256,,,Tide gate,,1,0,,-124.1554234,43.36564049
112ts2,Coos,NA,1,60000,0,0,0,0,0,0,0,1,0,0,0,0,0,0.015206193,0,0.014933376,0.005405405,0,0.015038898,0.04502463,0.014820376,0.004098361,0,,,,0,,26.82824326,,26.82824326,1,,28.67494392,0.169154227,27.96390915,1,,Tide gate,,1,0,,-124.1742446,43.35290119
113ts2,Coos,NA,1,60000,0,0,0,0,0,0,0,1,0,0,0,0,0,0.015716706,0,0.015434729,0.016216216,0,0.014544395,0,0.014697503,0.012295082,0,,,,0,,27.72893906,,27.72893906,3,,27.7320652,,27.7320652,3,,Tide gate,,1,0,,-124.1721562,43.35323585
114ts2,Coos,NA,1,60000,0,0,0,0,0,0,0,1,0,0,0,0,0,0.015207713,0.022950881,0.015062263,0,0,0.014815816,0.081695403,0.014945427,0,0,,,,0,,26.83092499,0.059339263,27.05979347,,,28.24958801,0.306923628,28.19986343,,,Tide gate,,1,0,,-124.1575786,43.33629193
115ts2,Coos,NA,1,150000,0,0,0,0,0,0,0,1,0,0,0.068389018,0.040363708,0,0.038695874,0,0.039854603,0,0,0.036411776,0,0.038867094,0,0,,,0.793962836,0.928837221,,68.27101898,,71.5999527,,,69.42700195,,73.33659363,,,Tide gate,,1,0,,-124.1598011,43.32803009
116ts2,Coos,NA,1,60000,0,0,0,0,0,0,0,1,0,0,0,0,0,0.013432573,0.084509666,0.013546652,0.016216216,0,0.01268893,0.071440665,0.013195616,0.016393443,0,,,,0,,23.699049,0.218498856,24.33695412,3,,24.19421577,0.268397331,24.89822197,4,,Tide gate,,1,0,,-124.1565042,43.31882739
117ts2,Coos,NA,1,60000,0,0,0,0,0,0,0,1,0,0,0,0,0,0.002984907,0.017717035,0.003666008,0,0,0.002874689,0.031753349,0.003659594,0,0,,,,0,,5.266263008,0.045807209,6.586089134,,,5.481223106,0.119295001,6.905125618,,,Tide gate,,1,0,,-124.1529442,43.31221381
118ts2,Coos,NA,1,60000,0,0,0,0,0,0,0,1,0,0,0,0,0,0.000984253,0.014565227,0.00101203,0,0,0.001109153,0.016817362,0.001140027,0,0,,,,0,,1.736515403,0.037658241,1.818141222,,,2.114842176,0.063181594,2.151065588,,,Tide gate,,1,0,,-124.1503957,43.31240472
119ts2,Coos,NA,1,85000,0,0,0,0,0,0,0,1,0,0,0,0.022960606,0,0.003917769,0.024248682,0.00518996,0.016216216,0.181818182,0.012133939,0.164045169,0.009501006,0.028688525,0.103448276,,,,0.528362404,,6.912108421,0.062694713,9.323914528,3,2,23.1360054,0.616305649,17.92702675,7,3,Tide gate,,1,0,,-124.1929758,43.33322268
11Ats1,Coquille,NA,0,0,0,0,0,0,0,0,0,1,0,0,0,0,0,0,0,0,0,0,0,0,0,0,0,,,,0,,,,,,,,,,,,Tide gate,,0,0,,-124.2770981,43.19199485
11Bts1,Coquille,NA,0,0,0,0,0,0,0,0,0,1,0,0,0,0,0,0,0,0,0,0,0,0,0,0,0,,,,0,,,,,,,,,,,,Tide gate,,0,0,,-124.2770814,43.19195628
11ts2,Coos,NA,1,60000,0,0,0,0,0,0,0,1,0,0,0,0,0,0.001121208,0.005667203,0.001451771,0.010810811,0,0.001038047,0.004939016,0.001445969,0.008196721,0,,,,0,,1.978143454,0.014652493,2.608148098,2,,1.979263663,0.018555522,2.728334665,2,,Tide gate,,1,0,,-124.1551999,43.3235537
11ts5,Umpqua,NA,0,0,0,0,0,0,0,0,0,1,0,0,0,0,0,0,0,0,0,0,0,0,0,0,0,,,,0,,,,,,,,,,,,Tide gate,Butler Cr Farms,0,0,Non-primary tide gate,-124.06805,43.7028
120ts2,Coos,NA,1,85000,0,0,0,0,0,0,0,1,0,0,0,0.012333997,0,0.006389371,0,0.00666603,0.021621622,0,0.006355311,0,0.006774251,0.020491803,0,,,,0.28382614,,11.27274895,,11.97571659,4,,12.11778927,,12.78203297,5,,Tide gate,,1,0,,-124.2008662,43.32945936
121ts2,Coos,NA,1,85000,0.400000006,0.400000006,0.400000006,0.400000006,0,0,0,1,0,0,0,0.010791915,0,0.019623784,0.074544175,0.019714506,0.075675676,0,0.019143087,0.081829211,0.020283085,0.073770492,0,,,,0.248340235,,34.62218475,0.192733184,35.41768265,14,,36.50047684,0.307426333,38.27125168,18,,Tide gate,,1,1,,-124.2203393,43.34752754
12241fs2,Coos,15621fs2,0,0,0.400000006,0.400000006,0.400000006,0.400000006,0,0,0,1,0,0,0,0,0,0,0,0,0,0,0,0,0,0,0,,,,0,,,,,,,,,,,,Upstream,,0,0,Stream barrier other than culvert,-124.2284898,43.26957516
122ts2,Coos,NA,1,60000,0,0,0,0,0,0,0,1,0,0,0,0,0,0.013994201,0.01677815,0.013799736,0.032432432,0,0.013252224,0.013313468,0.01324558,0.028688525,0,,,,0,,24.68992805,0.043379731,24.79162598,6,,25.26825905,0.050017722,24.99249649,7,,Tide gate,Noble Creek,1,0,,-124.2254468,43.34434475
123ts2,Coos,NA,1,300000,0,0,0,0,0,0,0,1,0,0,0,0.000370476,0,0.067685826,0.091602279,0.071768004,0.021621622,0,0.064067578,0.100537066,0.071281337,0.016393443,0,,,,0.008525273,,119.4179077,0.236836731,128.9333038,4,,122.1588287,0.377710372,134.4975891,4,,Tide gate,Willanch Slough,1,0,,-124.2003543,43.46675695
124ts2,Coos,52ts2,1,85000,0,0,0,0,0,0,0,1,0,0,0.070553701,0.03589955,0,0.036704847,0,0.039431148,0,0,0.034008918,0,0.038155743,0,0,,,0.819093742,0.826109402,,64.758255,,70.83920288,,,64.84542847,,71.99437714,,,Tide gate,Kentuck Slough,1,0,,-124.1837666,43.46674904
125ts2,Coos,52ts2,0,0,0,0,0,0,0,0,0,1,0,0,0,0,0,0,0,0,0,0,0,0,0,0,0,,,,0,,,,,,,,,,,,Tide gate,Larson Slough,0,0,Non-primary,-124.1874621,43.46591716
126ts2,Coos,48ts2,0,0,0,0,0,0,0,0,0,1,0,0,0,0,0,0,0,0,0,0,0,0,0,0,0,,,,0,,,,,,,,,,,,Tide gate,Palouse Slough,0,0,Non-primary,-124.1921537,43.46097607
127ts2,Coos,48ts2,1,60000,0,0,0,0,0,0,0,1,0,0,0,0.020251011,0,0.010866039,0,0.011329709,0,0,0.010431071,0,0.011119219,0,0,,,,0.466010034,,19.17092133,,20.35415077,,,19.88911438,,20.98036003,,,Tide gate,,1,0,,-124.1855364,43.45884284
128ts2,Coos,52ts2,0,0,0,0,0,0,0,0,0,1,0,0,0,0,0,0,0,0,0,0,0,0,0,0,0,,,,0,,,,,,,,,,,,Tide gate,,0,0,Non-primary,-124.1850835,43.46850913
129ts2,Coos,45ts2,1,60000,0,0,0,0,0,0,0,1,0,0,0,0,0,0.008246197,0.03711056,0.008098249,0,0,0.007802233,0.030140758,0.007839377,0,0,,,,0,,14.54874229,0.095948964,14.54873943,,,14.87666035,0.113236614,14.79177284,,,Tide gate,,1,0,,-124.1804086,43.40119479
12Ats1,Coquille,NA,0,0,0,0,0,0,0,0,0,1,0,0,0,0,0,0,0,0,0,0,0,0,0,0,0,,,,0,,,,,,,,,,,,Tide gate,Winter Lake,0,0,Replaced and restored. Winter Lake,-124.2595919,43.19541777
12Bts1,Coquille,NA,0,0,0,0,0,0,0,0,0,1,0,0,0,0,0,0,0,0,0,0,0,0,0,0,0,,,,0,,,,,,,,,,,,Tide gate,Winter Lake,0,0,Replaced and restored. Winter Lake,-124.2595811,43.19535752
12Dts1,Coquille,NA,0,815000,0,0,0,0,0,0,0,1,1,0,0.282809434,0.426216729,0,1,0.737541023,1,0.005405405,0,1,0.557278439,1,0.004098361,0.068965517,14.97616622,,3.283278317,9.807968187,,1764.297119,1.906904578,1796.529053,1,,1906.718384,2.093654156,1886.855591,1,2,Tide gate,Winter Lake,1,0,Replaced and restored. Winter Lake,-124.2600425,43.19569185
12ts2,Coos,NA,1,85000,0,0,0,0,0,0,0,1,0,0,0,0.01260054,0,0.004066931,0.032928498,0.004449373,0.010810811,0,0.004390722,0.02830146,0.004853777,0.008196721,0,,,,0.289959758,,7.175275326,0.085136287,7.993428707,2,,8.371870995,0.106326506,9.158376694,2,,Tide gate,,1,0,,-124.1537116,43.32116867
12ts5,Umpqua,NA,0,0,0,0,0,0,0,0,0,1,0,0,0,0,0,0,0,0,0,0,0,0,0,0,0,,,,0,,,,,,,,,,,,Tide gate,,0,0,Non-primary tide gate,-124.1087833,43.70525
130ts2,Coos,45ts2,1,150000,0,0,0,0,0,0,0,1,0,0,0,0.068014657,0,0.020137267,0.014289285,0.020802045,0,0,0.02916825,0.058601975,0.026812314,0.012295082,0.034482759,,,,1.565132361,,35.52812195,0.036944795,37.37147903,,,55.61563873,0.220163316,50.59096527,3,1,Tide gate,,1,0,,-124.180186,43.40123539
132ts2,Coos,99ts2,0,0,0,0,0,0,0,0,0,1,0,0,0,0,0,0,0,0,0,0,0,0,0,0,0,,,,0,,,,,,,,,,,,Tide gate,,0,0,Non-primary,-124.2125405,43.49034909
133ts2,Coos,99ts2,1,85000,0,0,0,0,0,0,0,1,0,0,0,0.02756608,0,0.011994999,0.025813527,0.013558521,0,0,0.011338526,0.019582182,0.013599061,0,0,,,,0.634342159,,21.16274261,0.066740602,24.35827637,,,21.61937523,0.073568821,25.65946388,,,Tide gate,,1,0,,-124.2122197,43.49007527
134ts2,Coos,99ts2,0,0,0,0,0,0,0,0,0,1,0,0,0,0,0,0,0,0,0,0,0,0,0,0,0,,,,0,,,,,,,,,,,,Tide gate,,0,0,Non-primary,-124.2079968,43.49244674
135ts2,Coos,22ts2,1,150000,0,0,0,0,0,0,0,1,0,0,0,0.043689092,0,0.04148531,0.106325493,0.041737906,0.027027027,0,0.039770862,0.110777272,0.04135695,0.020491803,0,,,,1.005359937,,73.19241333,0.274903446,74.98336029,5,,75.83183289,0.416182071,78.03459167,5,,Tide gate,,1,0,,-124.2152328,43.25452401
136ts2,Coos,NA,1,60000,0,0,0,0,0,0,0,1,0,0,0,0,0,0.001201808,0.010246128,0.001181017,0,0,0.001590996,0.007792654,0.001375206,0,0,,,,0,,2.120346785,0.026491256,2.121731997,,,3.033581972,0.029276429,2.594815969,,,Tide gate,,1,0,,-124.1404587,43.37491307
13743fs2,Coos,67ts2,1,150000,1,1,1,1,0,0,0,1,0,0,0,0,0,0,0,0,0,0,0,0,0,0,0,,,,0,,,,,,,,,,,,Upstream,,0,0,,-124.2282853,43.26945918
137ts2,Coos,NA,1,85000,0,0,0,0,0,0,0,1,0,0,0,0.005543225,0,0.001780081,0,0.001849196,0,0,0.002021877,0,0.00210768,0,0,,,,0.127558983,,3.140590906,,3.32213378,,,3.855149984,,3.976887465,,,Tide gate,,1,0,,-124.1554193,43.31205772
138ts2,Coos,NA,1,85000,0,0,0,0,0,0,0,1,0,0,0,0.010734151,0,0.001132845,0.120330993,0.008137183,0.097297297,0.818181818,0.001662292,0.120886541,0.009439528,0.094262295,0.310344828,,,,0.247010989,,1.998674631,0.31111452,14.61868477,18,9,3.169523478,0.454161853,17.81102562,23,9,Tide gate,,1,0,,-124.1973143,43.34727105
139ts2,Coos,NA,1,150000,0,0,0,0,0,0,0,1,0,0,0,0.023290286,0,0,0,0.002282717,0,0,0,0,0.003369832,0.008196721,0,,,,0.535948888,,,,4.100967407,,,,,6.35838604,2,,Tide gate,,1,0,,-124.2295893,43.26534118
13ts1,Coquille,NA,1,815000,0,0,0,0,0,0,0,1,0.224896694,0,0.316263377,0.299861154,0,0.037579134,0,0.038366035,0,0,0.047173956,0.012611549,0.045455453,0,0,3.368090267,,3.671662126,6.900312568,,66.30075836,,68.92569733,,,89.94744873,0.047380663,85.76787567,,,Tide gate,Hatchet Slough,1,0,,-124.2961944,43.15446634
13ts2,Coos,NA,1,85000,0,0,0,0,0,0,0,1,0,0,0,0,0,0.02453884,0,0.025046787,0,0,0.023079058,0.003522524,0.024194373,0.004098361,0,,,,0,,43.29380417,,44.99728012,,,44.00526428,0.013233863,45.65128708,1,,Tide gate,,1,0,,-124.1491329,43.3115369
13ts5,Umpqua,NA,1,85000,0,0,0,0,0,0,0,1,0,0,0,0,0,0.026231837,0.808984032,0.025761205,1,0.181818182,0.041594052,1,0.037004296,1,1,,,,0,,46.28075409,2.09161973,46.28075409,185,2,79.30814362,3.756926537,69.82176208,244,29,Tide gate,,1,0,,-124.1094732,43.70312885
14072fs5,Umpqua,5ts5,1,75000,0,0,0,0,0,0,0,1,0,0,0,0,0,0,0,0,0,0,0,0,0,0,0,,,,0,,,,,,,,,,,,Upstream,,0,0,Non-primary tide gate,-124.1123324,43.74168822
140ts2,Coos,48ts2,0,0,0,0,0,0,0,0,0,1,0,0,0,0,0,0,0,0,0,0,0,0,0,0,0,,,,0,,,,,,,,,,,,Tide gate,,0,0,Non-primary,-124.1910532,43.46071668
14158fs2,Coos,15622fs2,1,75000,1,1,1,1,0,0,0,1,0,0,0,0,0,0,0,0,0,0,0,0,0,0,0,,,,0,,,,,,,,,,,,Upstream,,0,0,,-124.2280393,43.27066218
141ts2,Coos,48ts2,0,0,0,0,0,0,0,0,0,1,0,0,0,0,0,0,0,0,0,0,0,0,0,0,0,,,,0,,,,,,,,,,,,Tide gate,,0,0,Non-primary,-124.1893479,43.46003129
142ts2,Coos,NA,1,60000,0,0,0,0,0,0,0,1,0,0,0,0.005048851,0,0.0061563,0.019982254,0.00609294,0,0,0.005709106,0.013751682,0.005836587,0,0,,,,0.116182596,,10.8615427,0.051663909,10.9461441,,,10.88565731,0.051664058,11.01279736,,,Tide gate,,1,0,,-124.2043094,43.45794923
143ts2,Coos,NA,1,85000,0,0,0,0,0,0,0,1,0,0,0,0,0,0.003227544,0.023310317,0.003256336,0,0,0.003178955,0.026493672,0.003302102,0,0,,,,0,,5.694347382,0.060268581,5.850101471,,,6.061371326,0.09953478,6.230589867,,,Tide gate,,1,0,,-124.2059184,43.45748047
144ts2,Coos,NA,1,60000,0,0,0,0,0,0,0,1,0,0,0,0,0,0.003120102,0,0.004118992,0,0,0.00337603,0,0.004188619,0.004098361,0,,,,0,,5.504787445,,7.399888515,,,6.437139034,,7.903318405,1,,Tide gate,,1,0,,-124.2060637,43.45618138
145ts2,Coos,48ts2,0,0,0,0,0,0,0,0,0,1,0,0,0,0,0,0,0,0,0,0,0,0,0,0,0,,,,0,,,,,,,,,,,,Tide gate,,0,0,Non-primary,-124.1705383,43.45666213
146ts2,Coos,48ts2,1,1000000,0,0,0,0,0,0,0,1,0,0,0,0.011295971,0,0,0,0,0,0,0,0,0,0,0,,,,0.259939415,,,,,,,,,,,,Tide gate,,1,0,QA - Excluded from Coos 2019 with NPROJ=0,-124.1665376,43.45799666
14762fs5,Umpqua,1ts5,1,75000,0,0,0,0,0,0,0,1,0,0,0,0,0,0,0,0,0,0,0,0,0,0,0,,,,0,,,,,,,,,,,,Upstream,,0,0,Non-primary tide gate,-124.1336383,43.69189421
14766fs2,Coos,8917fs2,1,150000,0.400000006,0,0.100000001,0.100000001,0,0,0,1,0,0,0,0.030355785,0,0,0,0,0,0,0,0,0,0,0,,,,0.698537991,,,,,,,,,,,,Upstream,,0,0,,-124.2609849,43.27199404
147ts2,Coos,48ts2,0,0,0,0,0,0,0,0,0,1,0,0,0,0,0,0,0,0,0,0,0,0,0,0,0,,,,0,,,,,,,,,,,,Tide gate,,0,0,Non-primary,-124.1670882,43.45672942
148ts2,Coos,99ts2,0,0,0,0,0,0,0,0,0,1,0,0,0,0,0,0,0,0,0,0,0,0,0,0,0,,,,0,,,,,,,,,,,,Tide gate,,0,0,Non-primary,-124.2058507,43.49371313
149ts2,Coos,99ts2,0,0,0,0,0,0,0,0,0,1,0,0,0,0,0,0,0,0,0,0,0,0,0,0,0,,,,0,,,,,,,,,,,,Tide gate,,0,0,Non-primary,-124.2029612,43.49397546
14ts1,Coquille,NA,1,390000,0,0,0,0,0,0,0,1,0.109816083,0,0,0.08518552,0,0.095710679,0,0.097586307,0,0,0.107462109,0,0.104985414,0,0,1.644623915,,,1.960262956,,168.8620758,,175.3166351,,,204.8999786,,198.0923157,,,Tide gate,Seestrom Creek,1,0,,-124.297129,43.14594066
14ts2,Coos,NA,1,150000,0,0,0,0,0,0,0,1,0.049241364,0,0.038617364,0.063415095,0,0.003322006,0.012073407,0.004923087,0,0,0.004874559,0.029561731,0.005718869,0,0,0.73744685,,0.448328583,1.459288644,,5.861005306,0.031215668,8.844468117,,,9.294411659,0.111061253,10.79068089,,,Tide gate,,1,0,,-124.1443188,43.30850989
14ts5,Umpqua,NA,1,60000,0,0,0,0,0,0,0,1,0,0,0,0,0,0.012747328,0.352399858,0.012518625,0.345945946,1,0.015784538,0.263425697,0.015631387,0.282786885,0.620689655,,,,0,,22.49007416,0.911126137,22.49007416,64,11,30.09666824,0.989670992,29.49416924,69,18,Tide gate,,1,0,,-124.1145256,43.70061138
150ts2,Coos,99ts2,0,0,0,0,0,0,0,0,0,1,0,0,0,0,0,0,0,0,0,0,0,0,0,0,0,,,,0,,,,,,,,,,,,Tide gate,,0,0,Non-primary,-124.201047,43.49451942
151ts2,Coos,NA,1,85000,0,0,0,0,0,0,0,1,0,0,0,0,0,0.002046095,0,0.002018047,0,0,0.002928705,0.047847803,0,0,0,,,,0,,3.609918833,,3.625480175,,,5.584216595,0.17976068,,,,Tide gate,,1,0,,-124.1206999,43.3767008
15201fs5,Umpqua,5ts5,1,75000,0,0,0,0,0,0,0,1,0,0,0,0,0,0,0,0,0,0,0,0,0,0,0,,,,0,,,,,,,,,,,,Upstream,,0,0,Non-primary tide gate,-124.1126234,43.74202222
15209fs5,Umpqua,1ts5,1,75000,0,0,0,0,0,0,0,1,0,0,0,0,0,0,0,0,0,0,0,0,0,0,0,,,,0,,,,,,,,,,,,Upstream,,0,0,Non-primary tide gate,-124.1312153,43.69287921
152ts2,Coos,NA,1,150000,0,0,0,0,0,0,0,1,0.053340029,0,0,0.058804212,0,0.072289161,0,0.072237923,0.010810811,0,0.067194587,0,0.06935487,0.008196721,0,0.798829135,,,1.353184416,,127.5395584,,129.7775269,2,,128.1211548,,130.8626251,2,,Tide gate,,1,0,,-124.1559554,43.36210019
153ts2,Coos,NA,1,600000,0,0,0,0,0,0,0,1,0,0.118889124,0,0.044488965,0,0.029860986,0,0.029964034,0,0,0.049283205,0.141823244,0.141848925,0.12704918,0.068965517,,0.855800877,,1.023766365,,52.68365097,,53.83125687,,,93.9691925,0.53281951,267.6484375,31,2,Tide gate,,1,0,,-124.2317174,43.40169788
154ts2,Coos,NA,1,200000,0,0,0,0,0,0,0,1,0.013551999,0.013042992,0.067474234,0.042953948,0,0.007976627,0.010464874,0.007833517,0,0,0.010572084,0.034383684,0.00876038,0.004098361,0,0.202956986,0.093887512,0.783342643,0.988443038,,14.07314014,0.027056823,14.07314014,,,20.15798759,0.129176974,16.52957153,1,,Tide gate,,1,0,,-124.1523909,43.28278679
155ts2,Coos,NA,1,60000,0,0,0,0,0,0,0,1,0,0,0,0,0,0.006617198,0,0.006745921,0,0,0.006523387,0.046443988,0.006745605,0.004098361,0,,,,0,,11.67470264,,12.11924267,,,12.43826199,0.174486652,12.72798252,1,,Tide gate,,1,0,,-124.1505835,43.28453583
15621fs2,Coos,13743fs2,1,150000,1,1,1,1,0,0,0,1,0,0,0,0,0,0,0,0,0,0,0,0,0,0,0,,,,0,,,,,,,,,,,,Upstream,,0,0,,-124.2284373,43.26954018
15622fs2,Coos,NA,1,75000,1,1,1,1,0,0,0,1,0,0,0,0,0,0,0,0,0,0,0,0,0,0,0,,,,0,,,,,,,,,,,,Upstream,,0,0,,-124.2278693,43.27065918
15637fs1,Coquille,10Ats1,1,75000,1,1,1,1,0,0,0,1,0,0,0,0,0,0,0,0,0,0,0,0,0,0,0,,,,0,,,,,,,,,,,,Upstream,Foster Dairy,0,0,,-124.2604853,43.18084389
156ts2,Coos,NA,1,85000,0,0,0,0,0,0,0,1,0,0,0,0.017816092,0,0.012861412,0,0.012774916,0,0,0.012333376,0.021962139,0.012439809,0,0,,,,0.409978425,,22.69135284,,22.95050812,,,23.51627541,0.082510144,23.4721241,,,Tide gate,,1,0,,-124.1486562,43.28825807
157ts2,Coos,NA,1,85000,0,0,0,0,0,0,0,1,0.002921101,0.065736236,0.003768213,0.033311538,0,0.003595804,0.025461329,0.003539242,0.005405405,0,0.005675352,0.019770349,0.005348774,0.004098361,0,0.043746898,0.473189867,0.043747093,0.766554864,,6.344067097,0.06583,6.358350754,1,,10.82129765,0.074275747,10.09236431,1,,Tide gate,,1,0,,-124.1481755,43.28843019
158ts2,Coos,157ts2,0,0,0,0,0,0,0,0,0,1,0,0,0,0,0,0.005818355,0,0.005713967,0,0,0.005389448,0,0.005446182,0,0,,,,0,,10.26530743,,10.26530743,,,10.27615929,,10.27615929,,,Tide gate,,1,0,Non-primary,-124.1471975,43.28838759
15926fs2,Coos,8917fs2,1,300000,0.400000006,0.400000006,0.400000006,0.400000006,0,0,0,1,0.056509161,0.007414123,0.060722509,0.103016177,0,0,0,0,0,0,0,0,0,0,0,0.846290581,0.053369161,0.704958437,2.370576555,,,,,,,,,,,,Upstream,,0,0,,-124.2607026,43.2717186
15938fs1,Coquille,12Dts1,0,75000,1,1,1,1,0,0,0,1,0.134597991,0,0.186465235,0.230392964,0,0,0,0,0,0,0,0,0,0,0,2.01576189,,2.164769586,5.301731966,,,,,,,,,,,,Upstream,Winter Lake,0,0,Replaced and restored. Winter Lake,-124.2360949,43.20078768
159ts2,Coos,NA,1,300000,0,0,0,0,0,0,0,1,0,0,0,0,0,0,0,0,0,0,0,0,0,0,0,,,,0,,,,,,,,,,,,Tide gate,,1,1,,-124.166296,43.37026599
15ts1,Coquille,NA,1,550000,0,0,0,0,0,0,0,1,0.042667023,0,0.037257723,0.027767991,0,0.02430927,0,0.024545268,0,0,0.026556195,0.008225806,0.027099927,0,0,0.638988431,,0.432543823,0.63898846,,42.88877487,,44.09628677,,,50.63518524,0.030903747,51.13364792,,,Tide gate,Alder Creek,1,0,,-124.2902128,43.13570577
15ts2,Coos,NA,1,450000,0,0,0,0,0,0,0,1,0.190085184,0,0.276705447,0.242602079,0,0.043863598,0.008820188,0.043790263,0,0,0.050014278,0.017897456,0.04701731,0,0,2.846747308,,3.212414032,5.582684363,,77.3884201,0.022804502,78.67047882,,,95.36314392,0.067239426,88.71487427,,,Tide gate,,1,0,,-124.1443991,43.30783396
15ts5,Umpqua,NA,1,60000,0,0,0,0,0,0,0,1,0,0,0,0,0,0.00294646,0,0.002893597,0.005405405,0,0.00313858,0,0.003109148,0.004098361,0.034482759,,,,0,,5.198431492,,5.198431492,1,,5.984388351,,5.866512775,1,1,Tide gate,,1,0,,-124.1144,43.69678333
16092fs1,Coquille,14ts1,1,75000,1,1,1,1,0,0,0,1,0.000965259,0,0,0.012212129,0,0,0,0,0,0,0,0,0,0,0,0.014455885,,,0.281021758,,,,,,,,,,,,Upstream,Seestrom Creek,0,0,,-124.2916764,43.14433693
160ts2,Coos,NA,1,60000,0,0,0,0,0,0,0,1,0,0,0,0,0,0.00592141,0,0.006098919,0,0,0.005681153,0,0.005999954,0,0,,,,0,,10.44712734,,10.95688438,,,10.83235931,,11.32104588,,,Tide gate,,1,0,,-124.1494316,43.28608495
16186fs5,Umpqua,5ts5,1,75000,0,0,0,0,0,0,0,1,0,0,0,0,0,0,0,0,0,0,0,0,0,0,0,,,,0,,,,,,,,,,,,Upstream,,0,0,Non-primary tide gate,-124.1128114,43.74224722
161ts2,Coos,NA,1,300000,0,0,0,0,0,0,0,1,0.178540218,0,0.230315353,0.199213814,0,0.112020668,0.267194955,0.110169223,0.12972973,0,0.109465499,0.203997752,0.108520387,0.106557377,0,2.673847985,,2.673847875,4.584246966,,197.6377411,0.690829754,197.9222107,24,,208.7198792,0.766404569,204.7622986,26,,Tide gate,,1,0,,-124.1490682,43.36373939
16385fs1,Coquille,61Bts1,1,75000,0,0,0,0,0,0,0,1,0,0,0,0,0,0,0,0,0,0,0,0,0,0,0,,,,0,,,,,,,,,,,,Upstream,Beaver Slough,0,0,,-124.2300536,43.2406355
16894fs2,Coos,119ts2,1,75000,1,1,1,1,0,0,0,1,0,0,0,0,0,0,0,0,0,0,0,0,0,0,0,,,,0,,,,,,,,,,,,Upstream,,0,0,,-124.1994623,43.33413319
16ts1,Coquille,NA,1,390000,0,0,0,0,0,0,0,1,0.041924216,0,0,0.018844204,0,0.010692863,0,0.010507376,0,0,0.017144451,0,0.015214135,0,0,0.627864033,,,0.433637031,,18.86538696,,18.87680626,,,32.68964005,,28.70687485,,,Tide gate,Cochran Project,1,0,,-124.2902527,43.13453179
16ts2,Coos,NA,1,60000,0,0,0,0,0,0,0,1,0,0,0,0,0,0,0,5.61E-06,0,0,0,0.024389706,0.000290717,0,0,,,,0,,,,0.010080142,,,,0.091630332,0.548540592,,,Tide gate,,1,0,,-124.1472794,43.30606163
16ts5,Umpqua,NA,1,60000,0,0,0,0,0,0,0,1,0,0,0,0,0,5.15E-05,0.01791801,0.002441355,0.016216216,0,0.004943381,0.198078246,0.004656734,0.37295082,0,,,,0,,0.090817615,0.046326827,4.385965347,3,,9.425636292,0.744165421,8.7865839,91,,Tide gate,,1,0,,-124.098962,43.69556905
17241fs2,Coos,120ts2,1,150000,1,1,1,1,0,0,0,1,0,0,0,0,0,0,0,0,0,0,0,0,0,0,0,,,,0,,,,,,,,,,,,Upstream,,0,0,,-124.2012083,43.32963819
17243fs2,Coos,8917fs2,1,150000,0.100000001,0,0.100000001,0.100000001,0,0,0,1,0,0,0,0.020093751,0,0,0,0,0,0,0,0,0,0,0,,,,0.462391216,,,,,,,,,,,,Upstream,,0,0,,-124.2633773,43.26631018
17584fs1,Coquille,10245fs1,1,75000,1,1,1,1,0,0,0,1,0,0,0,0,0,0,0,0,0,0,0,0,0,0,0,,,,0,,,,,,,,,,,,Upstream,Sevenmile Creek,0,0,,-124.3467966,43.19292248
17ts1,Coquille,NA,0,0,0,0,0,0,0,0,0,1,0,0,0,0,0,0,0,0,0,0,0,0,0,0,0,,,,0,,,,,,,,,,,,Tide gate,,0,0,,-124.2859915,43.13226694
17ts2,Coos,NA,1,150000,0,0,0,0,0,0,0,1,0,0,0,0.03537719,0,0.00875941,0,0.009913427,0,0,0.009328981,0.00395447,0.010586239,0,0,,,,0.814089,,15.45420265,,17.80975914,,,17.7877388,0.014856655,19.97470474,,,Tide gate,,1,0,,-124.1500416,43.29471818
17ts5,Umpqua,NA,1,60000,0,0,0,0,0,0,0,1,0,0,0,0,0,0.000310966,0,0.001342317,0,0,0.000654255,0,0.001558591,0,0,,,,0,,0.548635721,,2.41151166,,,1.247479439,,2.940836906,,,Tide gate,,1,0,,-124.1019506,43.70620202
18177fs2,Coos,29011fs2,0,0,0,0,0,0,0,0,0,1,0,0,0,0.06918834,0,0,0,0,0,0,0,0,0,0,0,,,,1.592140779,,,,,,,,,,,,Upstream,,0,0,Stream barrier other than culvert,-124.2413635,43.37984602
18269fs2,Coos,29011fs2,0,0,0,0,0,0,0,0,0,1,0,0,0,0.248946979,0,0,0,0,0,0,0,0,0,0,0,,,,5.728691259,,,,,,,,,,,,Upstream,,0,0,Stream barrier other than culvert,-124.2550444,43.36851088
18863fs2,Coos,3987fs2,0,0,0,0,0,0.100000001,0,0,0,1,0,0,0,0,0,0,0,0,0,0,0,0,0,0,0,,,,0,,,,,,,,,,,,Upstream,,0,0,Stream barrier other than culvert,-124.194031,43.28743574
18ts1,Coquille,NA,1,390000,0,0,0,0,0,0,0,1,0.032410047,0,0,0.050295182,0,0.060053863,0,0.059000379,0,0,0.066749752,0.004441532,0.06435478,0,0,0.485378244,,,1.157377255,,105.952858,,105.9958954,,,127.2729797,0.016686508,121.4281769,,,Tide gate,Cochran Property,1,0,,-124.2910377,43.12416237
18ts2,Coos,NA,1,60000,0,0,0,0,0,0,0,1,0,0,0,0,0,0.004609926,0,0.005396834,0,0,0.004265589,0.026040306,0.005279827,0,0,,,,0,,8.133278847,,9.695569038,,,8.133276939,0.097831517,9.96227169,,,Tide gate,,1,0,,-124.1546437,43.31194229
18ts5,Umpqua,NA,1,150000,0,0,0,0,0,0,0,1,0,0,0,0.056294862,0,0.004830239,0,0.013791584,0,0,0.004627345,0,0.015111381,0,0,,,,1.295440043,,8.521977425,,24.77698135,,,8.82304287,,28.51299286,,,Tide gate,,1,0,,-124.1150738,43.69477486
19ts1,Coquille,NA,1,390000,0,0,0,0,0,0,0,1,0.023021703,0,0,0.015991014,0,0.033227639,0,0.033891703,0,0,0.042989121,0,0.041677465,0,0,0.344776853,,,0.367980298,,58.62342834,,60.88742828,,,81.96814728,,78.63935852,,,Tide gate, ,1,0,,-124.2924582,43.12148639
19ts2,Coos,NA,1,150000,0,0,0,0,0,0,0,1,0,0,0.039628148,0.037164168,0,0.00303387,0,0.003315187,0,0,0.005260952,0,0.004646852,0,0,,,0.460063289,0.855210389,,5.352648735,,5.955830574,,,10.03115463,,8.767938614,,,Tide gate,,1,0,,-124.1547155,43.30338887
19ts5,Umpqua,NA,1,60000,0,0,0,0,0,0,0,1,0,0,0,0,0,0.000224468,0,0.000220441,0,0,0.004612065,0.129852035,0.003846013,0.086065574,0.034482759,,,,0,,0.396028548,,0.396028548,,,8.793910027,0.487844557,7.256870747,21,1,Tide gate,,1,0,,-124.1093333,43.6983
1ts2,Coos,NA,1,85000,0,0,0,0,0,0,0,1,0.031831516,0,0,0.049078554,0,0.07442821,0,0.073092877,0.156756757,0,0.069103986,0,0.069806281,0.118852459,0,0.476714072,,,1.129380575,,131.3134766,,131.3134766,29,,131.7618408,,131.7143707,29,,Tide gate,,1,0,,-124.1747346,43.36178448
1ts5,Umpqua,NA,1,300000,0,0,0,0,0,0,0,1,0.067569278,0.001688994,0.152561907,0.192038827,0,0.151061653,0.633621499,0.18534528,0.032432432,0,0.159476136,0.580192835,0.192826368,0.036885246,0,1.011928734,0.012157906,1.771168634,4.419138368,,266.5176392,1.638221741,332.9781799,6,,304.0760803,2.179741859,363.8355103,9,,Tide gate,Providence Creek,1,0,,-124.1291833,43.72011667
20ts1,Coquille,NA,1,390000,0,0,0,0,0,0,0,1,0,0,0,0.03511898,0,0.020271252,0.030673267,0.020697697,0.005405405,0,0.027494211,0.029063947,0.026575551,0.004098361,0,,,,0.80814715,,35.76451111,0.07930541,37.18401337,1,,52.4237175,0.109191112,50.14422607,1,,Tide gate, ,1,0,,-124.3049351,43.11263776
20ts2,Coos,NA,0,0,0,0,0,0,0,0,0,1,0,0,0,0,0,0,0,0,0,0,0,0,0,0,0,,,,0,,,,,,,,,,,,Tide gate,,0,0,Non-primary,-124.158713,43.31752403
20ts5,Umpqua,NA,1,150000,0,0,0,0,0,0,0,1,0,0,0,0.036838215,0,0.025614295,0.023417881,0.025740365,0,0,0.025121707,0.017660484,0.025857892,0,0,,,,0.847709655,,45.19122696,0.060546685,46.24331284,,,47.9000206,0.066349141,48.79010773,,,Tide gate,Decker Point,1,0,,-124.1116167,43.69471667
21ts1,Coquille,NA,0,0,0,0,0,0,0,0,0,1,0.01719809,0,0,0.018577461,0,0.044262327,0,0.044080047,0.005405405,0,0.038981101,0,0.035294683,0,0,0.257561459,,,0.427498814,,78.09189606,,79.19108582,1,,74.32598114,,66.59597015,,,Tide gate,(Restored),1,0,Restored,-124.3174009,43.11463441
21ts2,Coos,NA,1,200000,0,0,0,0,0,0,0,1,0,0,0.043300212,0.029314651,0,0.016200869,0.043765758,0.018153077,0.010810811,0,0.018421033,0.137197963,0.021184435,0.012295082,0,,,0.502694145,0.674579727,,28.58314705,0.113155909,32.61252975,2,,35.12372208,0.515442669,39.9719696,3,,Tide gate,,1,0,,-124.1587305,43.31833919
22ts1,Coquille,NA,1,390000,0,0,0,0,0,0,0,1,0.054666471,0,0,0.039716414,0,0.037239817,0,0.037002309,0,0,0.037406188,0,0.036972866,0.008196721,0,0.818694152,,,0.913941885,,65.70210266,,66.47572327,,,71.32306671,,69.7624588,2,,Tide gate,,1,0,,-124.3184429,43.12539158
22ts2,Coos,NA,1,600000,0.400000006,0.400000006,0.400000006,0.400000006,0,0,0,1,0.352072094,0.14836447,0.48547732,0.486564166,0,0.061906984,0.269022362,0.064049712,0.07027027,0,0.069580272,0.29973644,0.069968738,0.110655738,0.034482759,5.272690201,1.06797358,5.636152705,11.19666481,,109.2223129,0.695554495,115.0671692,13,,132.6699829,1.126087785,132.0209045,27,1,Tide gate,Noble Creek,1,1,,-124.2155904,43.2562194
23838fs2,Coos,106ts2,1,75000,0,0,0,0,0,0,0,1,0,0,0,0.000445194,0,0,0,0,0,0,0,0,0,0,0,,,,0.01024467,,,,,,,,,,,,Upstream,,0,0,,-124.0974177,43.36878623
23901fs1,Coquille,61Bts1,1,75000,0,0,0,0,0,0,0,1,0,0,0,0.001224313,0,0,0,0,0,0,0,0,0,0,0,,,,0.028173507,,,,,,,,,,,,Upstream,Beaver Slough,0,0,,-124.2184587,43.22369573
23976fs2,Coos,3892fs2,1,300000,0.100000001,0,0.100000001,0.100000001,0,0,0,1,0.085488958,0,0.092696882,0.108327039,0,0,0,0,0,0,0,0,0,0,0,1.280296852,,1.076165167,2.492788472,,,,,,,,,,,,Upstream,,0,0,,-124.1169195,43.41497129
23ts1,Coquille,NA,1,390000,0,0,0,0,0,0,0,1,0,0,0.061643647,0.052773671,0,0.050298532,0,0.054157501,0.005405405,0,0.047785226,0,0.052288501,0.004098361,0,,,0.715652397,1.214411463,,88.74155426,,97.2955246,1,,91.11296844,,98.66085052,1,,Tide gate,Hamdock Creek,1,0,,-124.3365361,43.13540226
23ts2,Coos,NA,0,0,0,0,0,0,0,0,0,1,0,0,0,0,0,0,0,0,0,0,0,0,0,0,0,,,,0,,,,,,,,,,,,Tide gate,,0,0,Non-primary,-124.2157031,43.25616292
24501fs2,Coos,10151fs2,1,300000,0,0,0,0,0,0,0,1,0.104709262,0,0.143344673,0.108071039,0,0,0,0,0,0,0,0,0,0,0,1.568143307,,1.66416109,2.486897493,,,,,,,,,,,,Upstream,,0,0,,-124.1552444,43.44763687
24521fs2,Coos,138ts2,1,300000,0.100000001,0,0.100000001,0.400000006,0,0,0,1,0,0,0.042202405,0.058411304,0,0,0,0,0,0,0,0,0,0,0,,,0.489949145,1.344142953,,,,,,,,,,,,Upstream,,0,0,,-124.157851,43.46409704
24524fs2,Coos,23976fs2,1,150000,0,0,0,0,0,0,0,1,0,0,0,0,0,0,0,0,0,0,0,0,0,0,0,,,,0,,,,,,,,,,,,Upstream,,0,0,,-124.1146564,43.41121915
24527fs2,Coos,10151fs2,1,75000,0,0,0,0,0,0,0,1,0,0,0,0,0,0,0,0,0,0,0,0,0,0,0,,,,0,,,,,,,,,,,,Upstream,,0,0,,-124.1504585,43.44992688
24748fs2,Coos,8916fs2,1,150000,0,0,0,0,0,0,0,1,0,0,0,0,0,0,0,0,0,0,0,0,0,0,0,,,,0,,,,,,,,,,,,Upstream,,0,0,,-124.185356,43.32021727
24ts1,Coquille,NA,1,390000,0,0,0,0,0,0,0,1,0,0,0,0.010962811,0,0.010960732,0,0.011766231,0,0,0.010169846,0,0.011294422,0,0,,,,0.252272829,,19.3379879,,21.13837624,,,19.39103317,,21.3109436,,,Tide gate, ,1,0,,-124.3386846,43.1364409
24ts2,Coos,22ts2,1,200000,0,0,0,0,0,0,0,1,0.054763465,0,0.070676399,0.035688855,0,0.016406168,0.008021465,0.018123738,0.027027027,0,0.019059618,0.043867742,0.020964096,0.06147541,0,0.820146754,,0.820518203,0.821260951,,28.94535446,0.020739414,32.55982208,5,,36.34132385,0.164807886,39.55622101,15,,Tide gate,,1,0,,-124.2151324,43.25643624
25ts1,Coquille,NA,1,390000,0,0,0,0,0,0,0,1,0.013181157,0.027423331,0.017003448,0.064406652,0,0.052268785,0.002853238,0.05135227,0,0.272727273,0.057685841,0.073163483,0.056733099,0,0.103448276,0.197403199,0.197401665,0.197401665,1.482106051,,92.21766663,0.007377018,92.25584412,,3,109.990654,0.274869829,107.0471649,,3,Tide gate, ,1,0,,-124.3424428,43.13939674
25ts2,Coos,22ts2,0,0,0,0,0,0,0,0,0,1,0,0,0,0,0,0,0,0,0,0,0,0,0,0,0,,,,0,,,,,,,,,,,,Tide gate,,0,0,Non-primary,-124.2141008,43.25255962
26ts1,Coquille,NA,0,0,0,0,0,0,0,0,0,1,0,0,0,0,0,0,0,0,0,0,0,0,0,0,0,,,,0,,,,,,,,,,,,Tide gate,,0,0,,-124.3425137,43.14029479
26ts2,Coos,NA,1,300000,0,0,0,0,0,0,0,1,0.100071486,0,0.129091372,0.15084363,0,0.047114349,0.251235046,0.047414504,0.016216216,0.090909091,0.049506487,0.207897514,0.049091783,0.032786885,0.034482759,1.498687212,,1.498687277,3.471167193,,83.12371063,0.649565578,85.18153381,3,1,94.39492798,0.781055689,92.62910461,8,1,Tide gate,,1,0,,-124.2065404,43.29895056
2751fs2,Coos,6ts2,1,150000,1,0,1,1,0,0,0,1,0,0,0,0,0,0,0,0,0,0,0,0,0,0,0,,,,0,,,,,,,,,,,,Upstream,,0,0,,-124.1227659,43.32750617
27ts1,Coquille,NA,0,0,0,0,0,0,0,0,0,1,0,0,0,0,0,0,0,0,0,0,0,0,0,0,0,,,,0,,,,,,,,,,,,Tide gate,,0,0,,-124.3420078,43.14688782
27ts2,Coos,NA,1,600000,0,0,0,0,0,0,0,1,0.02078145,0.043236043,0.026807896,0.013524711,0,0.123747952,0.618557819,0.131435894,0.07027027,0.181818182,0.124283075,0.799879894,0.135749972,0.090163934,0.068965517,0.311226456,0.311226481,0.311226481,0.311226481,,218.3281555,1.599274755,236.1284027,13,2,236.9728241,3.005089998,256.1405945,22,2,Tide gate,,1,0,,-124.1690108,43.35077351
28665fs2,Coos,44832fs2,0,0,0,0,0,0,0,0,0,1,0,0,0,0,0,0,0,0,0,0,0,0,0,0,0,,,,0,,,,,,,,,,,,Upstream,,0,0,Stream barrier other than culvert,-124.0814947,43.49297438
28666fs2,Coos,28665fs2,0,0,0,0,0,0,0,0,0,1,0,0,0,0,0,0,0,0,0,0,0,0,0,0,0,,,,0,,,,,,,,,,,,Upstream,,0,0,Stream barrier other than culvert,-124.0767327,43.49247813
28667fs2,Coos,52ts2,0,0,0.100000001,0,0.100000001,0.100000001,0,0,0,1,0,0,0.044014964,0.022205758,0,0,0,0,0,0,0,0,0,0,0,,,0.510992069,0.510992069,,,,,,,,,,,,Upstream,,0,0,Stream barrier other than culvert,-124.1146594,43.50419066
28668fs2,Coos,52ts2,0,0,0.400000006,0,0.400000006,0.100000001,0,0,0,1,0,0,0.009867009,0.004977953,0,0,0,0,0,0,0,0,0,0,0,,,0.114551118,0.114551118,,,,,,,,,,,,Upstream,,0,0,Stream barrier other than culvert,-124.1057941,43.50399173
28669fs2,Coos,52ts2,0,0,0.400000006,0,0.400000006,0.100000001,0,0,0,1,0,0,0.346093041,0.286776583,0,0,0,0,0,0,0,0,0,0,0,,,4.017969832,6.599214464,,,,,,,,,,,,Upstream,,0,0,Stream barrier other than culvert,-124.1038007,43.50350635
28670fs2,Coos,52ts2,0,0,0.400000006,0,0.400000006,0.100000001,0,0,0,1,0,0,0,0,0,0,0,0,0,0,0,0,0,0,0,,,,0,,,,,,,,,,,,Upstream,,0,0,Stream barrier other than culvert,-124.1036231,43.50327034
28671fs2,Coos,52ts2,0,0,0.100000001,0,0,0.100000001,0,0,0,1,0,0,0,0,0,0,0,0,0,0,0,0,0,0,0,,,,0,,,,,,,,,,,,Upstream,,0,0,Stream barrier other than culvert,-124.102996,43.502474
28ts1,Coquille,NA,0,0,0,0,0,0,0,0,0,1,0,0,0,0,0,0,0,0,0,0,0,0,0,0,0,,,,0,,,,,,,,,,,,Tide gate,,0,0,,-124.3419901,43.148414
28ts2,Coos,NA,1,60000,0,0,0,0,0,0,0,1,0,0,0,0.015741705,0,0.013717967,0.031700503,0.0141479,0.021621622,0,0.013031015,0.042015893,0.013870149,0.016393443,0,,,,0.36224328,,24.20256996,0.081961319,25.41711426,4,,24.8464756,0.157850623,26.17096901,4,,Tide gate,,1,0,,-124.1676732,43.3483417
29009fs2,Coos,153ts2,1,300000,0,0,0,0,0,0,0,1,0,0.034805343,0,0.023583465,0,0,0,0,0,0,0,0,0,0,0,,0.250539682,,0.542695438,,,,,,,,,,,,Upstream,,0,0,,-124.2361817,43.39158176
29010fs2,Coos,32951fs2,1,300000,0,0,0,0,0,0,0,1,0,0,0,0,0,0,0,0,0,0,0,0,0,0,0,,,,0,,,,,,,,,,,,Upstream,,0,0,,-124.2404222,43.3876861
29011fs2,Coos,90fs2,1,300000,0,0,0,0,0,0,0,1,0,0,0,0.022210444,0,0,0,0,0,0,0,0,0,0,0,,,,0.51109991,,,,,,,,,,,,Upstream,,0,0,,-124.241228,43.38047151
29023fs2,Coos,32951fs2,1,150000,0,0,0,0,0,0,0,1,0,0,0,0.02088919,0,0,0,0,0,0,0,0,0,0,0,,,,0.480695619,,,,,,,,,,,,Upstream,,0,0,,-124.2463102,43.38324588
29413fs1,Coquille,17584fs1,1,75000,1,1,1,1,0,0,0,1,0,0,0,0,0,0,0,0,0,0,0,0,0,0,0,,,,0,,,,,,,,,,,,Upstream,Sevenmile Creek,0,0,,-124.3465362,43.19366002
29464fs2,Coos,NA,1,75000,0,0,0,0,0,0,0,1,0,0,0,0,0,0,0,0,0,0,0,0,0,0,0,,,,0,,,,,,,,,,,,Upstream,,0,0,,-124.2399687,43.38005512
29ts1,Coquille,NA,0,0,0,0,0,0,0,0,0,1,0,0,0,0,0,0,0,0,0,0,0,0,0,0,0,,,,0,,,,,,,,,,,,Tide gate,,0,0,,-124.3419952,43.14945983
29ts2,Coos,NA,1,60000,0,0,0,0,0,0,0,1,0,0,0,0.0286919,0,0.02324157,0.015707751,0.023213483,0.005405405,0,0.02310865,0.026412841,0.023423949,0.004098361,0,,,,0.660249161,,41.0050354,0.040612224,41.7036972,1,,44.06168747,0.099231102,44.19760895,1,,Tide gate,,1,0,,-124.1647854,43.34656901
2ts2,Coos,NA,1,60000,0,0,0,0,0,0,0,1,0.036941243,0.076856656,0.047653881,0.024041609,0,0.036476232,0,0.035821804,0.005405405,0,0.033755634,0,0.034110977,0.004098361,0,0.553238193,0.553238105,0.553238105,0.553238105,,64.3549118,,64.3549118,1,,64.36248779,,64.36248779,1,,Tide gate,,1,0,,-124.1699756,43.3528215
2ts5,Umpqua,NA,0,85000,0,0,0,0,0,0,0,1,0,0,0,0,0,0,0,0,0,0,0,0,0,0,0,,,,0,,,,,,,,,,,,Tide gate,Dean Creek,0,0,Non-primary tide gate,-124.0056667,43.6903
30ts1,Coquille,NA,0,0,0,0,0,0,0,0,0,1,0,0,0,0,0,0,0,0,0,0,0,0,0,0,0,,,,0,,,,,,,,,,,,Tide gate,,0,0,,-124.3427241,43.15365479
30ts2,Coos,NA,0,0,0,0,0,0,0,0,0,1,0,0,0,0,0,0,0,0,0,0,0,0,0,0,0,,,,0,,,,,,,,,,,,Tide gate,,0,0,Non-primary,-124.160747,43.34098239
31ts1,Coquille,NA,1,390000,0,0,0,0,0,0,0,1,0,0,0,0,0,0.024022037,0,0.025091815,0,0,0.02267346,0,0.024625151,0,0,,,,0,,42.38201141,,45.07817459,,,43.23190308,,46.4641037,,,Tide gate, ,1,0,,-124.3458585,43.15568759
31ts2,Coos,6ts2,1,60000,0,0,0,0,0,0,0,1,0.030752079,0,0,0.020013663,0,0.011762884,0.051482617,0.012047074,0.027027027,0,0.010984735,0.035941383,0.011691132,0.020491803,0,0.46054824,,,0.460548259,,20.75322151,0.133107767,21.64291763,5,,20.94479561,0.135029137,22.05947685,5,,Tide gate,,1,0,,-124.155643,43.33697892
32733fs2,Coos,99ts2,0,0,0,0,0,0,0,0,0,1,0.003959755,0,0,0.002577036,0,0,0,0,0,0,0,0,0,0,0,0.059301948,,,0.059301965,,,,,,,,,,,,Upstream,,0,0,Stream barrier other than culvert,-124.2046268,43.51007704
32951fs2,Coos,29009fs2,0,0,1,1,1,1,0,0,0,1,0,0.009526894,0,0.028595966,0,0,0,0,0,0,0,0,0,0,0,,0.068577547,,0.658041576,,,,,,,,,,,,Upstream,,0,0,Stream barrier other than culvert,-124.2391503,43.38891619
32ts1,Coquille,NA,1,390000,0,0,0,0,0,0,0,1,0,0,0,0.016855643,0,0.007104833,0,0.007286163,0,0,0.007729914,0.004825951,0.008101689,0,0,,,,0.387876871,,12.53503609,,13.0898037,,,14.73876858,0.018130744,15.28671646,,,Tide gate,Cedar Creek,1,0,,-124.3485225,43.15896173
32ts2,Coos,NA,1,85000,0,0,0,0,0,0,0,1,0,0,0,0,0,0.002230449,0.023280433,0.002608157,0,0,0.00231472,0.035035374,0.002976437,0.008196721,0,,,,0,,3.935174465,0.060191315,4.685629368,,,4.413518906,0.131625324,5.616107464,2,,Tide gate,,1,0,,-124.1619819,43.33821017
33ts1,Coquille,NA,1,390000,0,0,0,0,0,0,0,1,0,0,0,0,0,0.007189457,0,0.007165368,0,0,0.00686748,0,0.00725264,0,0,,,,0,,12.68433762,,12.87279224,,,13.09434986,,13.6846838,,,Tide gate, ,1,0,,-124.350281,43.16117722
33ts2,Coos,NA,0,0,0,0,0,0,0,0,0,1,0,0,0,0,0,0,0,0,0,0,0,0,0,0,0,,,,0,,,,,,,,,,,,Tide gate,,0,0,Non-primary,-124.1617456,43.33167455
34990fs2,Coos,34991fs2,0,0,1,1,1,1,0,0,0,1,0.071622489,0.149011384,0.092392399,0.11401494,0,0,0,0,0,0,0,0,0,0,0,1.072630306,1.072630274,1.072630274,2.623676701,,,,,,,,,,,,Upstream,,0,0,Stream barrier other than culvert,-124.1226143,43.4870052
34991fs2,Coos,48ts2,0,0,1,1,1,1,0,0,0,1,0.068508021,0.142531702,0.088374764,0.058312239,0,0,0,0,0,0,0,0,0,0,0,1.025987505,1.025987508,1.025987508,1.341863292,,,,,,,,,,,,Upstream,,0,0,Stream barrier other than culvert,-124.1390893,43.4807722
34996fs2,Coos,22ts2,0,0,1,1,1,1,0,0,0,1,0,0,0,0,0,0,0,0,0,0,0,0,0,0,0,,,,0,,,,,,,,,,,,Upstream,,0,0,Stream barrier other than culvert,-124.2136143,43.25260518
34ts1,Coquille,NA,1,390000,0,0,0,0,0,0,0,1,0.05528969,0.001697965,0.001052799,0.08499041,0,0.096313196,0.010726617,0.098040564,0.010810811,0,0.088919094,0.00738198,0.092829706,0.004098361,0,0.82802758,0.012222478,0.012222478,1.955773158,,169.9250946,0.027733555,176.1327209,2,,169.5436707,0.027733555,175.15625,1,,Tide gate,Randolph Slough Island,1,0,,-124.3532765,43.16780184
34ts2,Coos,NA,1,85000,0,0,0,0,0,0,0,1,0,0,0,0.007515461,0,0.002457601,0.011911563,0.002581055,0,0,0.00253672,0.022837428,0.002699363,0,0,,,,0.172943471,,4.335937977,0.030797221,4.636940002,,,4.836810589,0.085798539,5.093307972,,,Tide gate,,1,0,,-124.1615832,43.33266716
35002fs2,Coos,99ts2,0,0,1,1,1,1,0,0,0,1,0.22976044,0,0.296389012,0.370016999,0,0,0,0,0,0,0,0,0,0,0,3.440930548,,3.440930527,8.514717295,,,,,,,,,,,,Upstream,,0,0,Stream barrier other than culvert,-124.1947393,43.4988022
35752fs2,Coos,27ts2,0,0,1,1,1,1,0,0,0,1,0.149680708,0.311925278,0.193086837,0.110397784,0,0,0,0,0,0,0,0,0,0,0,2.241643168,2.245335132,2.24164313,2.540439825,,,,,,,,,,,,Upstream,,0,0,Stream barrier other than culvert,-124.1741453,43.34934419
35753fs2,Coos,48ts2,0,0,1,1,1,1,0,0,0,1,0,0,0,0,0,0,0,0,0,0,0,0,0,0,0,,,,0,,,,,,,,,,,,Upstream,,0,0,Stream barrier other than culvert,-124.1779533,43.4579442
35ts1,Coquille,NA,1,815000,0,0,0,0,0,0,0,1,0.530304183,0.799078185,0.676893769,0.6709955,0,0.060746785,0.093492161,0.060977386,0,0,0.072986421,0.381971325,0.070903873,0,0,7.94192359,5.752013216,7.858403448,15.44074191,,107.1753769,0.241723001,109.5476456,,,139.1645508,1.435038209,133.7853699,,,Tide gate,Sevenmile Creek,1,0,,-124.349254,43.16793137
35ts2,Coos,159ts2,0,0,0,0,0,0,0,0,0,1,0.015249498,0,0.019671718,0,0,0.004633739,0.054184715,0.004897453,0,0,0.007928983,0.107511343,0.006463938,0.004098361,0,0.228379017,,0.228378968,0,,8.175292969,0.140094012,8.798416138,,,15.11833858,0.403912216,12.19651699,1,,Tide gate,,0,0,Non-primary,-124.1633739,43.37096173
3641fs1,Coquille,61Bts1,1,75000,1,1,1,1,0,0,0,1,0.066766296,0,0.09040918,0.184818367,0,0,0,0,0,0,0,0,0,0,0,0.999903149,,1.049606074,4.252983379,,,,,,,,,,,,Upstream,Beaver Slough,0,0,,-124.2063618,43.22989931
3642fs1,Coquille,61Bts1,1,75000,1,1,1,1,0,0,0,1,0,0,0,0.040344959,0,0,0,0,0,0,0,0,0,0,0,,,,0.928405774,,,,,,,,,,,,Upstream,Beaver Slough,0,0,,-124.219908,43.23550477
3643fs2,Coos,22ts2,1,150000,1,1,1,1,0,0,0,1,0.001182094,0,0.001492882,0.049008214,0,0,0,0,0,0,0,0,0,0,0,0.017703238,,0.017331621,1.127761936,,,,,,,,,,,,Upstream,,0,0,,-124.2064238,43.26193556
3646fs2,Coos,19ts2,1,150000,1,1,1,1,0,0,0,1,0,0,0,0,0,0,0,0,0,0,0,0,0,0,0,,,,0,,,,,,,,,,,,Upstream,,0,0,,-124.1548097,43.30319911
3647fs2,Coos,3648fs2,1,150000,1,0,1,1,0,0,0,1,0,0,0.015517405,0.026285765,0,0,0,0,0,0,0,0,0,0,0,,,0.180149437,0.604879937,,,,,,,,,,,,Upstream,,0,0,,-124.1653016,43.31691228
3648fs2,Coos,21ts2,1,150000,1,0,1,1,0,0,0,1,0,0,0,0,0,0,0,0,0,0,0,0,0,0,0,,,,0,,,,,,,,,,,,Upstream,,0,0,,-124.1642015,43.31759503
36Ats1,Coquille,NA,1,390000,0,0,0,0,0,0,0,1,0.18176117,0,0,0.154479705,0,0.317106193,0.14584676,0.313761766,0,0,0.339638307,0.126945589,0.330421364,0,0,2.722085497,,,3.554839416,,559.4695435,0.377085268,563.6821289,,,647.5946045,0.476925254,623.4573975,,,Tide gate,Iowa Slough,1,0,,-124.2846804,43.15616964
36ts2,Coos,NA,1,85000,0,0,0,0,0,0,0,1,0,0,0,0.013146232,0,0.000771947,0,0.001223657,0,0,0.000999586,0,0.001518413,0,0,,,,0.302517046,,1.361944199,,2.198334932,,,1.90592885,,2.865025997,,,Tide gate,,1,0,,-124.1721779,43.38120114
3703fs1,Coquille,37ts1,1,75000,1,1,1,1,0,0,0,1,0,0,0,0,0,0,0,0,0,0,0,0,0,0,0,,,,0,,,,,,,,,,,,Upstream,Gray Creek,0,0,,-124.1615402,43.10956617
37ts1,Coquille,NA,1,815000,0,0,0,0,0,0,0,1,0.229818688,0,0.370710164,0.310214584,0,0.006100489,0,0.006032879,0,0,0.066896365,0,0.043685391,0,0,3.441802878,,4.30376252,7.138562527,,10.76307583,,10.83824253,,,127.5525284,,82.42802429,,,Tide gate,Gray Creek,1,0,,-124.176927,43.11761781
37ts2,Coos,45ts2,1,85000,0,0,0,0,0,0,0,1,0,0,0,0.020178502,0,0.016727834,0,0.016427721,0,0,0.016178112,0.00242738,0.016030607,0.004098361,0,,,,0.464341472,,29.51286888,,29.51287842,,,30.84710312,0.00911949,30.24744034,1,,Tide gate,,1,0,,-124.1899083,43.40129073
38726fs2,Coos,3892fs2,0,0,1,1,1,1,0,0,0,1,0,0,0,0.015680376,0,0,0,0,0,0,0,0,0,0,0,,,,0.360831986,,,,,,,,,,,,Upstream,,0,0,Stream barrier other than culvert,-124.1510253,43.4140742
38727fs2,Coos,3892fs2,0,0,0.400000006,0,0.400000006,0.400000006,0,0,0,1,0.128789105,0,0.174368399,0.118437995,0,0,0,0,0,0,0,0,0,0,0,1.928767051,,2.024331274,2.725458675,,,,,,,,,,,,Upstream,,0,0,Stream barrier other than culvert,-124.1321033,43.4175162
3888fs2,Coos,NA,1,150000,1,1,1,1,0,0,0,1,0,0,0,0,0,0,0,0,0,0,0,0,0,0,0,,,,0,,,,,,,,,,,,Upstream,,0,0,,-124.1926335,43.42161788
3889fs2,Coos,38726fs2,1,75000,0.100000001,0,0.100000001,0.100000001,0,0,0,1,0,0,0,0.003595547,0,0,0,0,0,0,0,0,0,0,0,,,,0.082739619,,,,,,,,,,,,Upstream,,0,0,,-124.1448728,43.41533282
3892fs2,Coos,45ts2,1,300000,1,1,1,1,0,0,0,1,0.095612631,0.198819964,0.123251223,0.079386629,0,0,0,0,0,0,0,0,0,0,0,1.431910657,1.431167914,1.430886027,1.826820679,,,,,,,,,,,,Upstream,,0,0,,-124.1561769,43.41116865
38ts1,Coquille,NA,0,0,0,0,0,0,0,0,0,1,0,0,0,0,0,0,0,0,0,0,0,0,0,0,0,,,,0,,,,,,,,,,,,Tide gate,,0,0,,-124.3144604,43.11372733
38ts2,Coos,45ts2,0,0,0,0,0,0,0,0,0,1,0,0,0,0,0,0,0,0,0,0,0,0,0,0,0,,,,0,,,,,,,,,,,,Tide gate,,0,0,Non-primary,-124.1906768,43.40136003
3955fs2,Coos,8917fs2,0,0,0.100000001,0,0.100000001,0.100000001,0,0,0,1,0,0,0,0.010127829,0,0,0,0,0,0,0,0,0,0,0,,,,0.233058492,,,,,,,,,,,,Upstream,,0,0,Stream barrier other than culvert,-124.2647647,43.26091796
3978fs1,Coquille,35ts1,0,75000,1,1,1,1,0,0,0,1,0,0,0,0,0,0,0,0,0,0,0,0,0,0,0,,,,0,,,,,,,,,,,,Upstream,Sevenmile Creek,0,0,Stream barrier other than culvert,-124.348975,43.16810445
3987fs2,Coos,26ts2,0,0,0.100000001,0,0.100000001,0.100000001,0,0,0,1,0,0,0,0,0,0,0,0,0,0,0,0,0,0,0,,,,0,,,,,,,,,,,,Upstream,,0,0,Stream barrier other than culvert,-124.1973819,43.28861434
3988fs2,Coos,26ts2,0,0,0.100000001,0,0.100000001,0.100000001,0,0,0,1,0,0,0,0,0,0,0,0,0,0,0,0,0,0,0,,,,0,,,,,,,,,,,,Upstream,,0,0,Stream barrier other than culvert,-124.2046347,43.28912146
39ts2,Coos,45ts2,1,85000,0,0,0,0,0,0,0,1,0,0,0,0.007189885,0,0.004946696,0.005526918,0.005538454,0,0,0.004803755,0.011828566,0.005658281,0,0,,,,0.165451423,,8.727440834,0.014289788,9.949994087,,,9.159408569,0.044439055,10.67635822,,,Tide gate,,1,0,,-124.1910557,43.40261995
3ts2,Coos,NA,0,0,0,0,0,0,0,0,0,1,0,0,0,0,0,0,0,0,0,0,0,0,0,0,0,,,,0,,,,,,,,,,,,Tide gate,,0,0,Non-primary,-124.168215,43.35164278
3ts5,Umpqua,NA,1,85000,0,0,0,0,0,0,0,1,0,0,0,0,0,0.010315462,0,0.010743385,0,0,0.010040257,0,0.010470115,0,0,,,,0,,18.19953918,,19.30080414,,,19.14394188,,19.75559425,,,Tide gate,Dean Creek,1,0,,-124.0061262,43.68803802
40043fs2,Coos,8917fs2,1,150000,0.400000006,0,0.100000001,0.100000001,0,0,0,1,0,0,0,0,0,0,0,0,0,0,0,0,0,0,0,,,,0,,,,,,,,,,,,Upstream,,0,0,,-124.2615703,43.27203018
40127fs2,Coos,15ts2,0,0,1,0,1,1,0,0,0,1,0,0,0,0,0,0,0,0,0,0,0,0,0,0,0,,,,0,,,,,,,,,,,,Upstream,,0,0,Stream barrier other than culvert,-124.1443099,43.30773247
40ts1,Coquille,NA,0,0,0,0,0,0,0,0,0,1,0,0,0,0,0,0,0,0,0,0,0,0,0,0,0,,,,0,,,,,,,,,,,,Tide gate,Winter Lake,0,0,Replaced and restored. Winter Lake,-124.2431398,43.20683538
40ts2,Coos,NA,1,60000,0,0,0,0,0,0,0,1,0,0,0,0.002499497,0,0.001901397,0,0.001867283,0,0,0.002232718,0.024722339,0.002147371,0,0,,,,0.05751766,,3.354629755,,3.354628801,,,4.257163525,0.092880011,4.05177927,,,Tide gate,,1,0,,-124.1906084,43.41742005
41375fs2,Coos,99ts2,1,75000,0,0,0,0,0,0,0,1,0,0,0,0,0,0,0,0,0,0,0,0,0,0,0,,,,0,,,,,,,,,,,,Upstream,,0,0,,-124.2182232,43.50116644
41376fs2,Coos,99ts2,1,75000,0,0,0,0,0,0,0,1,0,0,0,0,0,0,0,0,0,0,0,0,0,0,0,,,,0,,,,,,,,,,,,Upstream,,0,0,,-124.2183152,43.50021992
41377fs2,Coos,99ts2,1,75000,0,0,0,0,0,0,0,1,0,0,0,0,0,0,0,0,0,0,0,0,0,0,0,,,,0,,,,,,,,,,,,Upstream,,0,0,,-124.2184648,43.49841204
41409fs2,Coos,66ts2,1,150000,1,1,1,1,0,0,0,1,0,0,0,0.017033446,0,0,0,0,0,0,0,0,0,0,0,,,,0.39196841,,,,,,,,,,,,Upstream,,0,0,,-124.2442294,43.28860103
41410fs2,Coos,66ts2,1,75000,0,0,0,0,0,0,0,1,0,0,0,0,0,0,0,0,0,0,0,0,0,0,0,,,,0,,,,,,,,,,,,Upstream,,0,0,,-124.2493529,43.28741576
41ts1,Coquille,NA,0,0,0,0,0,0,0,0,0,1,0,0,0,0,0,0,0,0,0,0,0,0,0,0,0,,,,0,,,,,,,,,,,,Tide gate,Winter Lake,0,0,Replaced and restored. Winter Lake,-124.2450656,43.20268619
41ts2,Coos,NA,1,85000,0,0,0,0,0,0,0,1,0,0,0,0.014353584,0,0.001946232,0,0.002224907,0,0,0.002256413,0.006491011,0.002485492,0,0,,,,0.330300252,,3.433730841,,3.997110605,,,4.302343845,0.024386253,4.689763546,,,Tide gate,,1,0,,-124.1867893,43.42021543
42ts1,Coquille,NA,0,0,0,0,0,0,0,0,0,1,0,0,0,0,0,0,0,0,0,0,0,0,0,0,0,,,,0,,,,,,,,,,,,Tide gate,Winter Lake,0,0,Replaced and restored. Winter Lake,-124.2449989,43.20279449
42ts2,Coos,NA,1,200000,0,0,0,0,0,0,0,1,0.002136379,0.014460125,0.127922388,0.087084787,0,0.057408207,0.11593336,0.05985394,0,0,0.054377708,0.106813231,0.058895153,0.004098361,0,0.031994771,0.104088474,1.48511595,2.003968317,,101.2851334,0.299744487,107.5293427,,,103.6829758,0.401289463,111.1266479,1,,Tide gate,,1,0,,-124.186453,43.4210139
43ts1,Coquille,NA,0,0,0,0,0,0,0,0,0,1,0,0,0,0,0,0,0,0,0,0,0,0,0,0,0,,,,0,,,,,,,,,,,,Tide gate,Winter Lake,0,0,Replaced and restored. Winter Lake,-124.2449886,43.20268834
43ts2,Coos,46ts2,0,0,0,0,0,0,0,0,0,1,0,0,0,0,0,0,0,0,0,0,0,0,0,0,0,,,,0,,,,,,,,,,,,Tide gate,,0,0,Non-primary,-124.1767635,43.42946686
4451fs2,Coos,48ts2,1,300000,0.100000001,0,0.100000001,0.400000006,0,0,0,1,0,0,0.026032835,0.025266233,0,0,0,0,0,0,0,0,0,0,0,,,0.302228397,0.581418767,,,,,,,,,,,,Upstream,,0,0,,-124.1628289,43.46509222
44812fs2,Coos,22ts2,1,300000,0.400000006,0,0.400000006,0,0,0,0,1,0,0,0,0,0,0,0,0,0,0,0,0,0,0,0,,,,0,,,,,,,,,,,,Upstream,,0,0,,-124.167559,43.23875505
44831fs2,Coos,34990fs2,0,0,0.100000001,0,0.100000001,0.100000001,0,0,0,1,0.011852433,0.02465912,0.015289538,0.007713645,0,0,0,0,0,0,0,0,0,0,0,0.177504012,0.177504015,0.177504015,0.177504015,,,,,,,,,,,,Upstream,,0,0,Stream barrier other than culvert,-124.1047413,43.49370226
44832fs2,Coos,44831fs2,0,0,0.100000001,0,0.100000001,0.100000001,0,0,0,1,0.07355291,0,0.092305051,0.048358587,0,0,0,0,0,0,0,0,0,0,0,1.101540606,,1.071616208,1.11281292,,,,,,,,,,,,Upstream,,0,0,Stream barrier other than culvert,-124.1015193,43.49279061
44ts1,Coquille,NA,0,0,0,0,0,0,0,0,0,1,0,0,0,0,0,0,0,0,0,0,0,0,0,0,0,,,,0,,,,,,,,,,,,Tide gate,Winter Lake,0,0,Replaced and restored. Winter Lake,-124.2498938,43.20270386
44ts2,Coos,46ts2,0,0,0,0,0,0,0,0,0,1,0,0,0,0,0,0,0,0,0,0,0,0,0,0,0,,,,0,,,,,,,,,,,,Tide gate,,0,0,Non-primary,-124.1838477,43.42530252
4506fs1,Coquille,61Bts1,1,75000,0,0,0,0,0,0,0,1,0,0,0,0.107038634,0,0,0,0,0,0,0,0,0,0,0,,,,2.463140102,,,,,,,,,,,,Upstream,Beaver Slough,0,0,,-124.2072579,43.2312376
45ts1,Coquille,NA,0,0,0,0,0,0,0,0,0,1,0,0,0,0,0,0,0,0,0,0,0,0,0,0,0,,,,0,,,,,,,,,,,,Tide gate,Winter Lake,0,0,Replaced and restored. Winter Lake,-124.249934,43.20269894
45ts2,Coos,NA,1,1000000,0.800000012,0.800000012,0.800000012,0.800000012,0,0,0,1,0.166548054,0.326998907,0.214845584,0.196052081,0,0.065538993,0.060482667,0.065389211,0,0,0.080548432,0.129656638,0.072971699,0.024590164,0.068965517,2.494251337,2.353839802,2.494251466,4.511490135,,115.6302567,0.156377301,117.4736176,,,153.5831757,0.487110466,137.6870575,6,2,Tide gate,Willanch Slough,1,1,,-124.190926,43.40158711
46Ats1,Coquille,NA,0,0,0,0,0,0,0,0,0,1,0,0,0,0,0,0,0,0,0,0,0,0,0,0,0,,,,0,,,,,,,,,,,,Tide gate,Winter Lake,0,0,Replaced and restored. Winter Lake,-124.2596079,43.20264227
46Bts1,Coquille,NA,0,0,0,0,0,0,0,0,0,1,0,0,0,0,0,0,0,0,0,0,0,0,0,0,0,,,,0,,,,,,,,,,,,Tide gate,Winter Lake,0,0,Replaced and restored. Winter Lake,-124.2595973,43.202691
46ts2,Coos,NA,1,1500000,0.800000012,0.800000012,0.800000012,0.800000012,0,0,0,1,0.461199147,0.816550509,0.806531847,0.634766188,0,0.087188005,0.228827897,0.095360462,0.027027027,0.090909091,0.118215454,0.760201557,0.116035839,0.028688525,0.034482759,6.906995083,5.877784434,9.363437719,14.60704414,,153.8255463,0.591632128,171.3178406,5,1,225.4035797,2.856021404,218.9428711,7,1,Tide gate,Kentuck Slough,1,1,,-124.1882817,43.42207088
47ts1,Coquille,NA,0,0,0,0,0,0,0,0,0,1,0,0,0,0,0,0,0,0,0,0,0,0,0,0,0,,,,0,,,,,,,,,,,,Tide gate,Winter Lake,0,0,Replaced and restored. Winter Lake,-124.2596734,43.20668352
47ts2,Coos,3888fs2,1,150000,0,0,0,0,0,0,0,1,0,0,0,0.014992938,0,0.004173903,0,0.004771423,0.005405405,0,0.004821793,0.003728878,0.005357299,0.012295082,0,,,,0.345012874,,7.364005089,,8.572000504,1,,9.19380188,0.014009119,10.10844994,3,,Tide gate,,1,0,,-124.1926916,43.42178303
48ts1,Coquille,NA,0,0,0,0,0,0,0,0,0,1,0,0,0,0,0,0,0,0,0,0,0,0,0,0,0,,,,0,,,,,,,,,,,,Tide gate,Winter Lake,0,0,Replaced and restored. Winter Lake,-124.2598713,43.20864952
48ts2,Coos,NA,1,1000000,0.400000006,0.400000006,0.400000006,0.400000006,0,0,0,1,0.277623108,0.610861018,0.459339173,0.464587109,0,0.191060658,0.825098999,0.20370943,0.054054054,0.181818182,0.209219597,0.873888448,0.218048691,0.086065574,0.068965517,4.157729814,4.397167527,5.332701681,10.69093554,,337.0877686,2.133284807,365.9699097,10,2,398.9228516,3.283134699,411.4263916,21,2,Tide gate,Larson Slough,1,1,,-124.1940041,43.46208025
49ts1,Coquille,NA,0,0,0,0,0,0,0,0,0,1,0,0,0,0,0,0,0,0,0,0,0,0,0,0,0,,,,0,,,,,,,,,,,,Tide gate,Winter Lake,0,0,Replaced and restored. Winter Lake,-124.2597448,43.2095891
49ts2,Coos,48ts2,1,85000,0,0,0,0,0,0,0,1,0,0,0,0.013692516,0,0.016356929,0.019821727,0.017264544,0,0,0.01536874,0.014220613,0.016785065,0,0,,,,0.315087953,,28.85848236,0.051248867,31.01625443,,,29.30385971,0.0534258,31.6709938,,,Tide gate,,1,0,,-124.1788118,43.45823591
4ts2,Coos,NA,1,60000,0,0,0,0,0,0,0,1,0,0,0,0,0,0,0,0.001541186,0,0,0,0,0.001619152,0,0,,,,0,,,,2.768784761,,,,,3.055105209,,,Tide gate,,1,0,,-124.1590309,43.34366471
4ts5,Umpqua,NA,0,0,0,0,0,0,0,0,0,1,0,0,0,0,0,0,0,0,0,0,0,0,0,0,0,,,,0,,,,,,,,,,,,Tide gate,Old Mill,0,0,Non-primary tide gate,-124.1228,43.74551667
5008fs2,Coos,120ts2,1,300000,0.400000006,0,0.400000006,0.400000006,0,0,0,1,0,0,0.02262368,0.0497093,0,0,0,0,0,0,0,0,0,0,0,,,0.262649792,1.143895118,,,,,,,,,,,,Upstream,,0,0,,-124.1074562,43.44686479
50ts1,Coquille,NA,0,0,0,0,0,0,0,0,0,1,0,0,0,0,0,0,0,0,0,0,0,0,0,0,0,,,,0,,,,,,,,,,,,Tide gate,Winter Lake,0,0,Replaced and restored. Winter Lake,-124.2572036,43.20974229
50ts2,Coos,48ts2,1,85000,0,0,0,0,0,0,0,1,0,0,0,0.022782517,0,0.014580345,0,0.014753395,0.005405405,0,0.013785958,0,0.014229278,0.004098361,0,,,,0.524264269,,25.72406006,,26.50490189,1,,26.28594017,,26.84859276,1,,Tide gate,,1,0,,-124.1732668,43.45719573
51ts1,Coquille,NA,0,0,0,0,0,0,0,0,0,1,0,0,0,0,0,0,0,0,0,0,0,0,0,0,0,,,,0,,,,,,,,,,,,Tide gate,Winter Lake,0,0,Replaced and restored. Winter Lake,-124.2496658,43.20952562
51ts2,Coos,52ts2,1,150000,0,0,0,0,0,0,0,1,0,0,0.086981193,0.045467332,0,0.03536871,0.078681418,0.036113636,0.005405405,0,0.034025415,0.11751138,0.035915412,0.008196721,0,,,1.00980883,1.046280242,,62.40091324,0.203429982,64.87919617,1,,64.87688446,0.44148162,67.76719666,2,,Tide gate,,1,0,,-124.1889866,43.46530946
52ts1,Coquille,NA,0,0,0,0,0,0,0,0,0,1,0,0,0,0,0,0,0,0,0,0,0,0,0,0,0,,,,0,,,,,,,,,,,,Tide gate,Winter Lake,0,0,Replaced and restored. Winter Lake,-124.2495188,43.20949736
52ts2,Coos,NA,1,1000000,0.400000006,0.400000006,0.400000006,0.400000006,0,0,0,1,0.540943521,1,0.420822683,0.355258496,0,0.216253692,1,0.236066288,0.12972973,0,0.225540702,0.991126619,0.242038071,0.147540984,0,8.101260094,7.19831091,4.885544188,8.175099167,,381.5357666,2.585489511,424.0999451,24,,430.0426025,3.723589897,456.6908875,36,,Tide gate,Palouse Slough,1,1,,-124.1897081,43.4656897
53ts1,Coquille,NA,0,0,0,0,0,0,0,0,0,1,0,0,0,0,0,0,0,0,0,0,0,0,0,0,0,,,,0,,,,,,,,,,,,Tide gate,Winter Lake,0,0,Replaced and restored. Winter Lake,-124.2461227,43.20956855
5473fs2,Coos,NA,1,150000,0.100000001,0.100000001,0.100000001,0.100000001,0,0,0,1,0,0,0,0,0,0,0,0,0,0,0,0,0,0,0,,,,0,,,,,,,,,,,,Upstream,,0,0,,-124.1862956,43.42078779
54ts1,Coquille,NA,1,390000,0,0,0,0,0,0,0,1,0.033637995,0,0,0,0,0.01996067,0,0.020881043,0.005405405,0,0.018504875,0.049537109,0.02048104,0.004098361,0,0.503768199,,,0,,35.21655273,,37.51340103,1,,35.28358459,0.186107278,38.64476395,1,,Tide gate, ,1,0,,-124.3395548,43.15202949
54ts2,Coos,52ts2,1,60000,0,0,0,0,0,0,0,1,0,0,0,0.005207523,0,0.014146605,0.027281757,0.014702246,0.032432432,0,0.013161178,0.018775106,0.014253356,0.024590164,0,,,,0.119833924,,24.95881462,0.070536695,26.41301155,6,,25.09465981,0.070536695,26.8940239,6,,Tide gate,,1,0,,-124.1729729,43.48415748
5534fs2,Coos,24521fs2,0,0,0,0,0,0,0,0,0,1,0,0,0,0.001319923,0,0,0,0,0,0,0,0,0,0,0,,,,0.030373672,,,,,,,,,,,,Upstream,,0,0,Stream barrier other than culvert,-124.1483572,43.46481958
55Ats1,Coquille,NA,1,390000,0,0,0,0,0,0,0,1,0.064361211,0,0,0.099895406,0,0.005398849,0,0.005410689,0,0,0.008214843,0.097269591,0.007657531,0.004098361,0,0.963884197,,,2.298762337,,9.525174141,,9.720459938,,,15.66339207,0.365434706,14.44865608,1,,Tide gate,Offield Creek,1,0,,-124.3388371,43.15868445
55Bts1,Coquille,NA,1,390000,0,0,0,0,0,0,0,1,0,0,0,0,0,0.003557508,0.036821478,0.003841656,0,0,0.003306924,0.025340273,0.003673053,0,0,,,,0,,6.276500702,0.095201544,6.901647091,,,6.305373669,0.095201544,6.930520058,,,Tide gate,East Randolph Slough,1,0,,-124.338882,43.15868394
55ts2,Coos,NA,0,0,0,0,0,0,0,0,0,1,0,0,0,0,0,0,0,0,0,0,0,0,0,0,0,,,,0,,,,,,,,,,,,Tide gate,,0,0,Non-primary,-124.1832578,43.4782179
5609fs2,Coos,15ts2,0,0,0,0,0,0,0,0,0,1,0,0,0,0,0,0,0,0,0,0,0,0,0,0,0,,,,0,,,,,,,,,,,,Upstream,,0,0,Stream barrier other than culvert,-124.1174419,43.30081249
56ts1,Coquille,NA,0,0,0,0,0,0,0,0,0,1,0,0,0,0,0,0,0,0,0,0,0,0,0,0,0,,,,0,,,,,,,,,,,,Tide gate,,0,0,,-124.2976296,43.14852284
56ts2,Coos,NA,1,85000,0,0,0,0,0,0,0,1,0,0,0,0.017215526,0,0.006040652,0.076314819,0.006313378,0.167567568,0,0.007062933,0.077694571,0.007464923,0.180327869,0.034482759,,,,0.396158381,,10.65750504,0.197311163,11.34216785,31,,13.46702385,0.291892797,14.08523178,44,1,Tide gate,,1,0,,-124.2236685,43.35261978
5777fs2,Coos,159ts2,1,300000,1,1,1,1,0,0,0,1,0.108748319,0,0.141727947,0.098633366,0,0,0,0,0,0,0,0,0,0,0,1.628632905,,1.645391692,2.269720655,,,,,,,,,,,,Upstream,,0,0,,-124.1622105,43.37074277
57ts1,Coquille,NA,0,0,0,0,0,0,0,0,0,1,0,0,0,0,0,0,0,0,0,0,0,0,0,0,0,,,,0,,,,,,,,,,,,Tide gate,Winter Lake,0,0,Replaced and restored. Winter Lake,-124.259987,43.19939885
57ts2,Coos,NA,1,450000,0,0,0,0,0,0,0,1,0.30493271,0,0.409801692,0.294446819,0,0.069824378,0.320226268,0.071845575,0.172972973,0,0.074280857,0.441818827,0.076605736,0.172131148,0,4.566722954,,4.757595909,6.775719564,,123.1909485,0.827941656,129.0726624,32,,141.6326752,1.659880877,144.5439606,42,,Tide gate,,1,0,,-124.2262912,43.34038733
58ts1,Coquille,NA,0,0,0,0,0,0,0,0,0,1,0,0,0,0,0,0,0,0,0,0,0,0,0,0,0,,,,0,,,,,,,,,,,,Tide gate,Winter Lake,0,0,Replaced and restored. Winter Lake,-124.2599497,43.20169481
58ts2,Coos,NA,1,150000,0,0,0,0,0,0,0,1,0.046435648,0,0.078613455,0.050446967,0,0.015027663,0.12574675,0.015621439,0.037837838,0,0.016740956,0.104489096,0.016821841,0.032786885,0,0.695427989,,0.912663518,1.160870078,,26.5132618,0.325116903,28.0643692,7,,31.92028809,0.392557859,31.74038506,8,,Tide gate,,1,0,,-124.2271165,43.34044054
59ts1,Coquille,NA,0,0,0,0,0,0,0,0,0,1,0,0,0,0,0,0,0,0,0,0,0,0,0,0,0,,,,0,,,,,,,,,,,,Tide gate,Winter Lake,0,0,Replaced and restored. Winter Lake,-124.2599384,43.20280636
59ts2,Coos,NA,1,85000,0,0,0,0,0,0,0,1,0,0,0,0.022083132,0,0.003679826,0,0.003752485,0,0,0.00427792,0.001799069,0.00418828,0.004098361,0,,,,0.508170235,,6.492307186,,6.741447449,,,8.156787872,0.006758971,7.90267992,1,,Tide gate,,1,0,,-124.2237361,43.34351555
5ts2,Coos,NA,1,150000,0,0,0,0,0,0,0,1,0,0,0,0.056959755,0,0.045408749,0.020966306,0.045972697,0.021621622,0,0.04290168,0.032751241,0.045125472,0.020491803,0,,,,1.310740355,,80.11452484,0.054208163,82.59128571,4,,81.80142212,0.123044007,85.14524841,5,,Tide gate,,1,0,,-124.1652233,43.34810791
5ts5,Umpqua,NA,1,200000,0,0,0,0,0,0,0,1,0,0,0,0.001186898,0,0.010957683,0.022410913,0.015940308,0,0,0.071612383,0.783455217,0.054526377,0.06147541,0.379310345,,,,0.027312541,,19.33260918,0.05794318,28.6372261,,,136.5446472,2.943383694,102.8834,15,11,Tide gate,Old Mill,1,0,,-124.1168333,43.7379
6058fs2,Coos,52ts2,0,0,0.100000001,0,0.100000001,0,0,0,0,1,0.089036686,0.018606825,0.033049136,0.07299202,0,0,0,0,0,0,0,0,0,0,0,1.333428211,0.133937708,0.383684197,1.679669899,,,,,,,,,,,,Upstream,,0,0,Stream barrier other than culvert,-124.1062576,43.51534026
60ts1,Coquille,NA,0,0,0,0,0,0,0,0,0,1,0,0,0,0,0,0,0,0,0,0,0,0,0,0,0,,,,0,,,,,,,,,,,,Tide gate,Winter Lake,0,0,Replaced and restored. Winter Lake,-124.2644144,43.20735978
60ts2,Coos,NA,1,150000,0,0,0,0,0,0,0,1,0.037423021,0,0.062031439,0.037055542,0,0.016926504,0.137678758,0.017353089,0.005405405,0,0.017378945,0.11960684,0.017911403,0.028688525,0,0.560453382,,0.720154475,0.85271072,,29.86338234,0.355966985,31.17532921,1,,33.13675308,0.449354112,33.79623032,7,,Tide gate,,1,0,,-124.225857,43.34132356
61Bts1,Coquille,NA,1,815000,0,0,0,0,0,0,0,1,0.681825577,0,1,1,0,0.091255085,0.112148317,0.284074444,0,0.363636364,0.141848007,0.241935002,0.330069196,0.004098361,0.137931034,10.21113318,,11.60950774,23.0116922,,161.0010834,0.289958298,510.3479919,,4,270.4642029,0.90893203,622.7929077,1,4,Tide gate,Beaver Slough,1,0,,-124.2638984,43.20806167
61ts2,Coos,121ts2,1,85000,0,0,0,0,0,0,0,1,0,0,0,0.016527401,0,0.003374988,0.025776165,0.003495598,0.048648649,0,0.003886279,0.031975608,0.004562957,0.045081967,0,,,,0.380323474,,5.954481602,0.066644005,6.279942989,9,,7.410038948,0.12013001,8.609640121,11,,Tide gate,,1,0,,-124.2256987,43.34694361
62ts1,Coquille,NA,0,0,0,0,0,0,0,0,0,1,0,0,0,0,0,0,0,0,0,0,0,0,0,0,0,,,,0,,,,,,,,,,,,Tide gate,Winter Lake,0,0,Replaced and restored. Winter Lake,-124.2559361,43.21299053
62ts2,Coos,NA,0,0,0,0,0,0,0,0,0,1,0,0,0,0,0,0,0,0,0,0,0,0,0,0,0,,,,0,,,,,,,,,,,,Tide gate,,0,0,Non-primary,-124.2121922,43.35332788
63ts1,Coquille,NA,0,0,0,0,0,0,0,0,0,1,0,0,0,0,0,0,0,0,0,0,0,0,0,0,0,,,,0,,,,,,,,,,,,Tide gate,Winter Lake,0,0,Replaced and restored. Winter Lake,-124.2555402,43.21298416
63ts2,Coos,NA,0,0,0,0,0,0,0,0,0,1,0,0,0,0,0,0,0,0,0,0,0,0,0,0,0,,,,0,,,,,,,,,,,,Tide gate,,0,0,Non-primary,-124.2133243,43.35300997
64ts1,Coquille,NA,0,0,0,0,0,0,0,0,0,1,0,0,0,0,0,0,0,0,0,0,0,0,0,0,0,,,,0,,,,,,,,,,,,Tide gate,Winter Lake,0,0,Replaced and restored. Winter Lake,-124.2543484,43.21306041
64ts2,Coos,NA,0,0,0,0,0,0,0,0,0,1,0,0,0,0,0,0,0,0,0,0,0,0,0,0,0,,,,0,,,,,,,,,,,,Tide gate,,0,0,Non-primary,-124.2175715,43.35454106
65ts1,Coquille,NA,0,0,0,0,0,0,0,0,0,1,0,0,0,0,0,0,0,0,0,0,0,0,0,0,0,,,,0,,,,,,,,,,,,Tide gate,Winter Lake,0,0,Replaced and restored. Winter Lake,-124.2518894,43.20958371
65ts2,Coos,NA,1,85000,0,0,0,0,0,0,0,1,0,0,0,0.00393251,0,0.003521214,0.005950703,0.003627618,0.016216216,0,0.004207322,0.04528248,0.004194557,0.020491803,0.034482759,,,,0.090493713,,6.212468147,0.015385481,6.517121315,3,,8.022177696,0.170122951,7.914522648,5,1,Tide gate,,1,0,,-124.2129674,43.32543836
66ts1,Coquille,NA,0,0,0,0,0,0,0,0,0,1,0,0,0,0,0,0,0,0,0,0,0,0,0,0,0,,,,0,,,,,,,,,,,,Tide gate,Winter Lake,0,0,Replaced and restored. Winter Lake,-124.2496019,43.20961468
66ts2,Coos,NA,1,450000,0,0,0,0,0,0,0,1,0.061724513,0.128019123,0.079437111,0.101445451,0,0.025215927,0.009530222,0.027181227,0,0,0.032057307,0.204180092,0.030458187,0,0,0.924396571,0.921521447,0.922225756,2.334431496,,44.48838806,0.024640288,48.8318634,,,61.12425613,0.767089605,57.47019958,,,Tide gate,,1,0,,-124.2414287,43.29152458
67ts1,Coquille,NA,0,0,0,0,0,0,0,0,0,1,0,0,0,0,0,0,0,0,0,0,0,0,0,0,0,,,,0,,,,,,,,,,,,Tide gate,Winter Lake,0,0,Replaced and restored. Winter Lake,-124.2484212,43.2096485
67ts2,Coos,NA,1,85000,0,0,0,0,0,0,0,1,0,0,0,0.021199181,0,0.000818126,0,0.000840815,0.005405405,0,0.001598851,0.030915758,0.001524756,0.004098361,0,,,,0.487829035,,1.443416595,,1.510549426,1,,3.048557997,0.116148233,2.876993656,1,,Tide gate,,1,0,,-124.2280511,43.26951909
68ts1,Coquille,NA,0,0,0,0,0,0,0,0,0,1,0,0,0,0,0,0,0,0,0,0,0,0,0,0,0,,,,0,,,,,,,,,,,,Tide gate,Winter Lake,0,0,Replaced and restored. Winter Lake,-124.2478071,43.2095599
68ts2,Coos,NA,1,60000,0,0,0,0,0,0,0,1,0,0,0,0,0,0.014350014,0.054643417,0.014237683,0.005405405,0,0.014264372,0.050576161,0,0.012295082,0,,,,0,,25.31768799,0.141279981,25.5784111,1,,27.1981411,0.19001092,,3,,Tide gate,,1,0,,-124.1032444,43.3787493
69ts1,Coquille,NA,0,0,0,0,0,0,0,0,0,1,0,0,0,0,0,0,0,0,0,0,0,0,0,0,0,,,,0,,,,,,,,,,,,Tide gate,Winter Lake,0,0,Replaced and restored. Winter Lake,-124.246428,43.20965594
69ts2,Coos,NA,1,60000,0,0,0,0,0,0,0,1,0,0,0,0,0,0.004115572,0,0.004257033,0,0,0.004152699,0.057188876,0,0.004098361,0,,,,0,,7.261091232,,7.647883415,,,7.918027401,0.214854404,,1,,Tide gate,,1,0,,-124.110156,43.37596846
6ts2,Coos,NA,1,450000,0.400000006,0.400000006,0.400000006,0.400000006,0,0,0,1,0.189729951,0,0.24749875,0.2185593,0,0.052710744,0.234159647,0.053804627,0.07027027,0,0.057671917,0.250806463,0.057642376,0.102459016,0,2.841427277,,2.873338652,5.029419344,,92.99741364,0.605417311,96.66157532,13,,109.9641037,0.942261457,108.7628403,25,,Tide gate,,1,1,,-124.1567134,43.33678311
6ts5,Umpqua,NA,1,60000,0,0,0,0,0,0,0,1,0,0,0,0,0,6.46E-06,0,6.34E-06,0,0,0.001550186,0.035210974,0.000917991,0.004098361,0,,,,0,,0.011390269,,0.011390269,,,2.955768347,0.132285044,1.732115746,1,,Tide gate,,1,0,,-124.0887333,43.70185
70ts1,Coquille,NA,0,0,0,0,0,0,0,0,0,1,0,0,0,0,0,0,0,0,0,0,0,0,0,0,0,,,,0,,,,,,,,,,,,Tide gate,Winter Lake,0,0,Replaced and restored. Winter Lake,-124.242781,43.20975619
70ts2,Coos,71ts2,0,0,0,0,0,0,0,0,0,1,0,0,0,0,0,0,0,0,0,0,0,0,0,0,0,,,,0,,,,,,,,,,,,Tide gate,,0,0,Non-primary,-124.1151162,43.37694124
7100fs2,Coos,45ts2,1,300000,0.100000001,0,0.100000001,0.400000006,0,0,0,1,0.060278602,0,0.067203437,0.085092578,0,0,0,0,0,0,0,0,0,0,0,0.902742371,,0.780198821,1.958124214,,,,,,,,,,,,Upstream,,0,0,,-124.1593027,43.40540958
71ts1,Coquille,NA,0,0,0,0,0,0,0,0,0,1,0,0,0,0,0,0,0,0,0,0,0,0,0,0,0,,,,0,,,,,,,,,,,,Tide gate,Winter Lake,0,0,Replaced and restored. Winter Lake,-124.2431298,43.21009071
71ts2,Coos,NA,1,85000,0,0,0,0,0,0,0,1,0,0,0,0.011650057,0,0.008464022,0.018754344,0.008324793,0,0,0.009918095,0.015661984,0,0.012295082,0,,,,0.268087524,,14.9330492,0.048489161,14.9557333,,,18.91101456,0.058840923,,3,,Tide gate,,1,0,,-124.1149911,43.37691921
72ts1,Coquille,NA,0,0,0,0,0,0,0,0,0,1,0,0,0,0,0,0,0,0,0,0,0,0,0,0,0,,,,0,,,,,,,,,,,,Tide gate,Winter Lake,0,0,Replaced and restored. Winter Lake,-124.2429784,43.20682508
72ts2,Coos,NA,1,60000,0,0,0,0,0,0,0,1,0.012900084,0,0,0.009191115,0,0.00618575,0.00558112,0.006088754,0.005405405,0,0.006017047,0.006379711,0,0.004098361,0,0.1931938,,,0.211503112,,10.91350079,0.014429926,10.93862343,1,,11.47281456,0.023968104,,1,,Tide gate,,1,0,,-124.117356,43.37734338
73ts1,Coquille,NA,0,0,0,0,0,0,0,0,0,1,0,0,0,0,0,0,0,0,0,0,0,0,0,0,0,,,,0,,,,,,,,,,,,Tide gate,Winter Lake,0,0,Replaced and restored. Winter Lake,-124.24341,43.2058271
73ts2,Coos,NA,1,85000,0,0,0,0,0,0,0,1,0.013649368,0,0,0.02613843,0,0.02044094,0.02359489,0.022879575,0,0,0.019738614,0.095891359,0.014580748,0,0,0.204415202,,,0.601489497,,36.06389236,0.061004341,41.1038208,,,37.6359787,0.360256791,27.51176643,,,Tide gate,,1,0,,-124.1274975,43.37753108
74ts1,Coquille,NA,0,0,0,0,0,0,0,0,0,1,0,0,0,0,0,0,0,0,0,0,0,0,0,0,0,,,,0,,,,,,,,,,,,Tide gate,Winter Lake,0,0,Replaced and restored. Winter Lake,-124.2435805,43.2057228
74ts2,Coos,NA,1,60000,0,0,0,0,0,0,0,1,0.017810313,0,0,0,0,0.016056732,0,0.016590026,0,0,0.014869367,0,0.016032882,0,0,0.266730207,,,0,,28.32884598,,29.80446434,,,28.35169601,,30.25173378,,,Tide gate,,1,0,,-124.131852,43.37635958
75ts1,Coquille,NA,0,0,0,0,0,0,0,0,0,1,0,0,0,0,0,0,0,0,0,0,0,0,0,0,0,,,,0,,,,,,,,,,,,Tide gate,Winter Lake,0,0,Replaced and restored. Winter Lake,-124.249707,43.20616552
75ts2,Coos,NA,0,0,0,0,0,0,0,0,0,1,0,0,0,0,0,0,0,0,0,0,0,0,0,0,0,,,,0,,,,,,,,,,,,Tide gate,,0,0,Non-primary,-124.1330627,43.37715447
76ts1,Coquille,NA,0,0,0,0,0,0,0,0,0,1,0,0,0,0,0,0,0,0,0,0,0,0,0,0,0,,,,0,,,,,,,,,,,,Tide gate,Winter Lake,0,0,Replaced and restored. Winter Lake,-124.2498048,43.20617339
76ts2,Coos,NA,1,85000,0,0,0,0,0,0,0,1,0,0,0,0.024675843,0,0.000965004,0.003861244,0.000947691,0,0,0.001833161,0.024992865,0.001422013,0,0,,,,0.567832901,,1.702553868,0.009983207,1.702553868,,,3.495322227,0.093896359,2.683133125,,,Tide gate,,1,0,,-124.1345011,43.37677369
77ts1,Coquille,NA,0,0,0,0,0,0,0,0,0,1,0,0,0,0,0,0,0,0,0,0,0,0,0,0,0,,,,0,,,,,,,,,,,,Tide gate,Winter Lake,0,0,Replaced and restored. Winter Lake,-124.2533948,43.20258477
77ts2,Coos,NA,1,60000,0,0,0,0,0,0,0,1,0.019275706,0,0,0.012544762,0,0.021719304,0,0.02194801,0.010810811,0,0.020129665,0,0.021144387,0.008196721,0,0.288676178,,,0.288676204,,38.31930542,,39.43023682,2,,38.38160324,,39.89640427,2,,Tide gate,,1,0,,-124.134668,43.37540419
78ts1,Coquille,NA,0,0,0,0,0,0,0,0,0,1,0,0,0,0,0,0,0,0,0,0,0,0,0,0,0,,,,0,,,,,,,,,,,,Tide gate,Winter Lake,0,0,Replaced and restored. Winter Lake,-124.2500268,43.20255968
78ts2,Coos,NA,1,60000,0,0,0,0,0,0,0,1,0,0,0,0,0,0,0,0,0,0,0.000436236,0,0,0,0,,,,0,,,,,,,0.831778705,,,,,Tide gate,,1,0,,-124.1377481,43.37587164
7958fs1,Coquille,29413fs1,0,75000,1,1,1,1,0,0,0,1,0,0,0,0,0,0,0,0,0,0,0,0,0,0,0,,,,0,,,,,,,,,,,,Upstream,Sevenmile Creek,0,0,Stream barrier other than culvert,-124.3493887,43.20398022
79ts1,Coquille,NA,0,0,0,0,0,0,0,0,0,1,0,0,0,0,0,0,0,0,0,0,0,0,0,0,0,,,,0,,,,,,,,,,,,Tide gate,Winter Lake,0,0,Replaced and restored. Winter Lake,-124.2450207,43.20253684
79ts2,Coos,NA,1,60000,0,0,0,0,0,0,0,1,0.024738568,0,0,0.016858856,0,0.022755365,0,0.022720698,0.048648649,0,0.021232092,0,0.021845231,0.036885246,0,0.370488904,,,0.387950802,,40.14722443,,40.81839371,9,,40.48361969,,41.21879578,9,,Tide gate,,1,0,,-124.1385559,43.37402805
7ts2,Coos,NA,0,0,0,0,0,0,0,0,0,1,0,0,0,0,0,0,0,0,0,0,0,0,0,0,0,,,,0,,,,,,,,,,,,Tide gate,,0,0,Non-primary,-124.1586462,43.33352251
7ts5,Umpqua,NA,1,60000,0,0,0,0,0,0,0,1,0,0,0,0,0,0.010850407,0.350825556,0.010655737,0.681081081,0.181818182,0.011341311,0.253588644,0.011009893,0.520491803,0.068965517,,,,0,,19.14334106,0.907055795,19.14334106,126,2,21.62468529,0.952713907,20.77407837,127,2,Tide gate,,1,0,,-124.1026167,43.70593333
8057fs1,Coquille,23ts1,1,75000,1,1,1,1,0,0,0,1,0,0,0.001370178,0.022497207,0,0,0,0,0,0,0,0,0,0,0,,,0.01590709,0.517698806,,,,,,,,,,,,Upstream,Hamdock Creek,0,0,,-124.3314166,43.12883955
80ts1,Coquille,NA,0,0,0,0,0,0,0,0,0,1,0,0,0,0,0,0,0,0,0,0,0,0,0,0,0,,,,0,,,,,,,,,,,,Tide gate,Winter Lake,0,0,Replaced and restored. Winter Lake,-124.2430812,43.20253292
80ts2,Coos,NA,1,60000,0,0,0,0,0,0,0,1,0,0,0,0,0,0.002558684,0.017361112,0.002514072,0.005405405,0,0.003168912,0.019256332,0.003005672,0.020491803,0,,,,0,,4.514278889,0.044886973,4.51660347,1,,6.042222023,0.072344624,5.671269894,5,,Tide gate,,1,0,,-124.1441728,43.37323585
81ts1,Coquille,NA,0,0,0,0,0,0,0,0,0,1,0,0,0,0,0,0,0,0,0,0,0,0,0,0,0,,,,0,,,,,,,,,,,,Tide gate,Winter Lake,0,0,Replaced and restored. Winter Lake,-124.2418744,43.20252816
81ts2,Coos,NA,0,0,0,0,0,0,0,0,0,1,0,0,0,0,0,0,0,0,0,0,0,0,0,0,0,,,,0,,,,,,,,,,,,Tide gate,,0,0,Non-primary,-124.1471544,43.36974625
82ts1,Coquille,NA,0,0,0,0,0,0,0,0,0,1,0,0,0,0,0,0,0,0,0,0,0,0,0,0,0,,,,0,,,,,,,,,,,,Tide gate,Winter Lake,0,0,Replaced and restored. Winter Lake,-124.2367634,43.19994613
82ts2,Coos,NA,1,150000,0,0,0,0,0,0,0,1,0.090718756,0.005743585,0.004106357,0.051948882,0,0.079612998,0,0.079919641,0.048648649,0,0.074135289,0,0.07663831,0.036885246,0,1.358619174,0.041344114,0.04767278,1.195431685,,140.4609833,,143.5779572,9,,141.3551178,,144.605423,9,,Tide gate,,1,0,,-124.1577436,43.36103036
83ts1,Coquille,NA,0,0,0,0,0,0,0,0,0,1,0,0,0,0,0,0,0,0,0,0,0,0,0,0,0,,,,0,,,,,,,,,,,,Tide gate,Winter Lake,0,0,Replaced and restored. Winter Lake,-124.2532517,43.1954246
83ts2,Coos,NA,1,85000,0,0,0,0,0,0,0,1,0.02835801,0,0,0.024517723,0,0.007311346,0,0.007180172,0,0,0.008320653,0.026676238,0,0.008196721,0,0.424694265,,,0.564194306,,12.89938736,,12.89938736,,,15.86514187,0.100220665,,2,,Tide gate,,1,0,,-124.1224182,43.37836831
84ts1,Coquille,NA,0,0,0,0,0,0,0,0,0,1,0,0,0,0,0,0,0,0,0,0,0,0,0,0,0,,,,0,,,,,,,,,,,,Tide gate,Winter Lake,0,0,Replaced and restored. Winter Lake,-124.2531139,43.19531175
84ts2,Coos,NA,1,85000,0,0,0,0,0,0,0,1,0,0,0,0,0,0.036291934,0,0.03577134,0,0,0.041728328,0.028019605,0,0.012295082,0,,,,0,,64.02975464,,64.26425171,,,79.56417084,0.105267599,,3,,Tide gate,,1,0,,-124.0979606,43.3784776
85ts1,Coquille,NA,0,0,0,0,0,0,0,0,0,1,0,0,0,0,0,0,0,0,0,0,0,0,0,0,0,,,,0,,,,,,,,,,,,Tide gate,Winter Lake,0,0,Replaced and restored. Winter Lake,-124.2525584,43.19540932
85ts2,Coos,NA,1,85000,0,0,0,0,0,0,0,1,0,0,1.86E-05,0.017722826,0,0.009113585,0,0.008957865,0.021621622,0,0.010334059,0.003613927,0,0.032786885,0,,,0.000215932,0.40783222,,16.07907104,,16.09306526,4,,19.70413971,0.013577257,,8,,Tide gate,,1,0,,-124.0973968,43.3806262
86ts1,Coquille,NA,0,0,0,0,0,0,0,0,0,1,0,0,0,0,0,0,0,0,0,0,0,0,0,0,0,,,,0,,,,,,,,,,,,Tide gate,Winter Lake,0,0,Replaced and restored. Winter Lake,-124.2493119,43.19538192
86ts2,Coos,NA,0,0,0,0,0,0,0,0,0,1,0,0,0,0,0,0,0,0,0,0,0,0,0,0,0,,,,0,,,,,,,,,,,,Tide gate,,0,0,Non-primary,-124.1228139,43.37847175
87ts1,Coquille,NA,0,0,0,0,0,0,0,0,0,1,0,0,0,0,0,0,0,0,0,0,0,0,0,0,0,,,,0,,,,,,,,,,,,Tide gate,Winter Lake,0,0,Replaced and restored. Winter Lake,-124.2472138,43.19536622
87ts2,Coos,NA,1,85000,0,0,0,0,0,0,0,1,0,0,0,0,0,0,0,0,0,0,0.001011648,0.030255968,0,0,0,,,,0,,,,,,,1.928927302,0.113669448,,,,Tide gate,,1,0,,-124.0926823,43.37430096
88fs2,Coos,29009fs2,1,150000,0.400000006,0.400000006,0.400000006,0.400000006,0,0,0,1,0,0,0,0.007152765,0,0,0,0,0,0,0,0,0,0,0,,,,0.164597219,,,,,,,,,,,,Upstream,,0,0,,-124.2366743,43.3881071
88ts1,Coquille,NA,0,0,0,0,0,0,0,0,0,1,0,0,0,0,0,0,0,0,0,0,0,0,0,0,0,,,,0,,,,,,,,,,,,Tide gate,Winter Lake,0,0,Replaced and restored. Winter Lake,-124.2453981,43.19524822
88ts2,Coos,NA,0,0,0,0,0,0,0,0,0,1,0,0,0,0,0,0,0,0,0,0,0,0,0,0,0,,,,0,,,,,,,,,,,,Tide gate,,0,0,Non-primary,-124.0766675,43.37423562
8916fs2,Coos,35752fs2,1,300000,1,1,1,1,0,0,0,1,0.134594011,0.169918517,0.200759861,0.175224598,0,0,0,0,0,0,0,0,0,0,0,2.015702282,1.223126313,2.330723156,4.032214511,,,,,,,,,,,,Upstream,,0,0,,-124.1822776,43.32666963
8917fs2,Coos,66ts2,1,300000,1,1,1,1,0,0,0,1,0.068712843,0.143055671,0.088638977,0.053127247,0,0,0,0,0,0,0,0,0,0,0,1.029054965,1.029759196,1.029054887,1.222547862,,,,,,,,,,,,Upstream,,0,0,,-124.255425,43.28564193
8918fs2,Coos,66ts2,1,300000,1,0,1,1,0,0,0,1,0,0,0,0.028708091,0,0,0,0,0,0,0,0,0,0,0,,,,0.660621758,,,,,,,,,,,,Upstream,,0,0,,-124.2588431,43.28042208
89fs2,Coos,29009fs2,1,150000,0.400000006,0.400000006,0.400000006,0.400000006,0,0,0,1,0,0,0,0.022899059,0,0,0,0,0,0,0,0,0,0,0,,,,0.526946093,,,,,,,,,,,,Upstream,,0,0,,-124.2379131,43.38621434
89ts1,Coquille,NA,0,0,0,0,0,0,0,0,0,1,0,0,0,0,0,0,0,0,0,0,0,0,0,0,0,,,,0,,,,,,,,,,,,Tide gate,Winter Lake,0,0,Replaced and restored. Winter Lake,-124.239499,43.19531944
89ts2,Coos,NA,1,150000,0,0,0,0,0,0,0,1,0,0,0,0,0,0.031320188,0,0.030805468,0,0.090909091,0.043862838,0,0,0,0.034482759,,,,0,,55.25811768,,55.3429184,,1,83.63407898,,,,1,Tide gate,,1,0,,-124.0845343,43.3742202
8ts2,Coos,NA,1,60000,0,0,0,0,0,0,0,1,0,0,0,0,0,0.016552438,0.033781352,0.018566404,0.005405405,0,0.015478703,0.024431879,0.017998539,0.012295082,0,,,,0,,29.20341873,0.087341331,33.35508347,1,,29.51352692,0.091788776,33.96064377,3,,Tide gate,,1,0,,-124.1604287,43.34002205
8ts5,Umpqua,NA,1,60000,0,0,0,0,0,0,0,1,0,0,0,0,0,0.002341922,0.044310095,0.002299905,0,0,0.012889339,0.115750089,0.006286822,0.008196721,0.206896552,,,,0,,4.131845951,0.114563286,4.131845951,,,24.57633972,0.434864581,11.86232567,2,6,Tide gate,,1,0,,-124.1025156,43.70624331
900ts1,Coquille,NA,1,390000,0,0,0,0,0,0,0,1,0,0,0,0.044919665,0,0.044789229,0,0.049184525,0,0,0.041581524,0.001826025,0.048450359,0.004098361,0,,,,1.033677498,,79.02150726,,88.36142731,,,79.28425598,0.006860242,91.41883087,1,,Tide gate,Herman Ranch,1,0,,-124.3621302,43.15825058
9040fs1,Coquille,3703fs1,1,75000,0,0,0,0,0,0,0,1,0,0,0,0,0,0,0,0,0,0,0,0,0,0,0,,,,0,,,,,,,,,,,,Upstream,Gray Creek,0,0,,-124.1569279,43.11189678
90fs2,Coos,29010fs2,1,300000,1,1,1,1,0,0,0,1,0,0,0,0.016520173,0,0,0,0,0,0,0,0,0,0,0,,,,0.380157129,,,,,,,,,,,,Upstream,,0,0,,-124.2403121,43.38542553
90ts1,Coquille,NA,0,0,0,0,0,0,0,0,0,1,0,0,0,0,0,0,0,0,0,0,0,0,0,0,0,,,,0,,,,,,,,,,,,Tide gate,,0,0,,-124.2389428,43.19518728
90ts2,Coos,NA,0,0,0,0,0,0,0,0,0,1,0,0,0,0,0,0,0,0,0,0,0,0,0,0,0,,,,0,,,,,,,,,,,,Tide gate,,0,0,Non-primary,-124.0901278,43.37416177
91ts1,Coquille,NA,0,0,0,0,0,0,0,0,0,1,0,0,0,0,0,0,0,0,0,0,0,0,0,0,0,,,,0,,,,,,,,,,,,Tide gate,,0,0,,-124.2352559,43.19519443
91ts2,Coos,NA,1,60000,0,0,0,0,0,0,0,1,0,0,0,0,0,0.031070076,0,0.030743521,0,0.090909091,0.030187935,0,0,0,0.034482759,,,,0,,54.81684494,,55.23162842,,1,57.55989075,,,,1,Tide gate,,1,0,,-124.0919632,43.37785023
92ts1,Coquille,NA,0,0,0,0,0,0,0,0,0,1,0,0,0,0,0,0,0,0,0,0,0,0,0,0,0,,,,0,,,,,,,,,,,,Tide gate,,0,0,,-124.2325798,43.1952881
92ts2,Coos,NA,0,0,0,0,0,0,0,0,0,1,0,0,0,0,0,0,0,0,0,0,0,0,0,0,0,,,,0,,,,,,,,,,,,Tide gate,,0,0,Non-primary,-124.0859769,43.37836117
93ts1,Coquille,NA,0,0,0,0,0,0,0,0,0,1,0,0,0,0,0,0,0,0,0,0,0,0,0,0,0,,,,0,,,,,,,,,,,,Tide gate,,0,0,,-124.2303179,43.19459351
93ts2,Coos,NA,1,200000,0,0,0,0,0,0,0,1,0,0,0,0.066708668,0,0.038220181,0.001655001,0.038239211,0,0,0.044367508,0.103229196,0,0.004098361,0,,,,1.535079324,,67.43175507,0.004278988,68.69785309,,,84.59634399,0.387824506,,1,,Tide gate,,1,0,,-124.0896426,43.3855694
94ts1,Coquille,NA,0,0,0,0,0,0,0,0,0,1,0,0,0,0,0,0,0,0,0,0,0,0,0,0,0,,,,0,,,,,,,,,,,,Tide gate,,0,0,,-124.2285207,43.19322503
94ts2,Coos,NA,0,0,0,0,0,0,0,0,0,1,0,0,0,0,0,0,0,0,0,0,0,0,0,0,0,,,,0,,,,,,,,,,,,Tide gate,,0,0,Non-primary,-124.0897289,43.38598229
95ts1,Coquille,NA,0,0,0,0,0,0,0,0,0,1,0,0,0,0,0,0,0,0,0,0,0,0,0,0,0,,,,0,,,,,,,,,,,,Tide gate,,0,0,,-124.2267009,43.19239806
95ts2,Coos,NA,0,0,0,0,0,0,0,0,0,1,0,0,0,0,0,0,0,0,0,0,0,0,0,0,0,,,,0,,,,,,,,,,,,Tide gate,,0,0,Non-primary,-124.0898913,43.38698532
96ts1,Coquille,NA,0,0,0,0,0,0,0,0,0,1,0,0,0,0,0,0,0,0,0,0,0,0,0,0,0,,,,0,,,,,,,,,,,,Tide gate,,0,0,,-124.2265627,43.19239192
96ts2,Coos,NA,1,60000,0,0,0,0,0,0,0,1,0,0,0,0,0,0.008853492,0,0.00872387,0,0,0.010883645,0,0,0,0,,,,0,,15.62019062,,15.67268562,,,20.75204659,,,,,Tide gate,,1,0,,-124.0893078,43.38346869
97ts1,Coquille,NA,0,0,0,0,0,0,0,0,0,1,0,0,0,0,0,0,0,0,0,0,0,0,0,0,0,,,,0,,,,,,,,,,,,Tide gate,,0,0,,-124.2257886,43.19182651
97ts2,Coos,NA,1,200000,0,0,0,0,0,0,0,1,0.109406548,0,0.113000001,0.076880979,0,0.00504476,0.07510271,0.007113123,0.054054054,0,0.01310748,0.267165236,0.016791816,0.139344262,0.206896552,1.638490651,,1.311874382,1.769161425,,8.900455475,0.19417727,12.77893257,10,,24.99227333,1.003720164,31.68373108,34,6,Tide gate,,1,0,,-124.2121917,43.36581452
9873fs2,Coos,99ts2,1,300000,1,0,1,1,0,0,0,1,0,0,0,0,0,0,0,0,0,0,0,0,0,0,0,,,,0,,,,,,,,,,,,Upstream,,0,0,,-124.1981277,43.52022164
98ts1,Coquille,NA,0,0,0,0,0,0,0,0,0,1,0,0,0,0,0,0,0,0,0,0,0,0,0,0,0,,,,0,,,,,,,,,,,,Tide gate,,0,0,,-124.2247231,43.19113748
98ts2,Coos,NA,1,200000,0,0,0,0,0,0,0,1,0.062100088,0,0.107201436,0.073569436,0,0.006875871,0.034602464,0.007083818,0,0,0.006824557,0.025418689,0.007885286,0,0,0.93002124,,1.244555901,1.692957228,,12.13107967,0.089464307,12.72628498,,,13.01250839,0.095496148,14.87839603,,,Tide gate,,1,0,,-124.2194584,43.25947233
99ts1,Coquille,NA,0,0,0,0,0,0,0,0,0,1,0,0,0,0,0,0,0,0,0,0,0,0,0,0,0,,,,0,,,,,,,,,,,,Tide gate,,0,0,,-124.2220298,43.18808191
99ts2,Coos,NA,1,1000000,0.800000012,0.800000012,0.800000012,0.800000012,0,0,0,1,0.416124101,0,0.664885469,0.667477333,0,0.143658192,0.749816102,0.169437258,0.021621622,0.454545455,0.167151584,0.725480864,0.194548196,0.032786885,0.206896552,6.231943707,,7.718992991,15.35978294,,253.4557343,1.938641667,304.3989563,4,5,318.7109985,2.725578308,367.0843506,8,6,Tide gate,,1,1,,-124.2202945,43.49068901
9ts1,Coquille,NA,0,0,0,0,0,0,0,0,0,1,0,0,0,0,0,0,0,0,0,0,0,0,0,0,0,,,,0,,,,,,,,,,,,Tide gate,,0,0,,-124.2749887,43.17404453
9ts2,Coos,NA,1,85000,0,0,0,0,0,0,0,1,0,0,0,0,0,0.022377226,0.145968045,0.024446971,0.021621622,0,0.020846138,0.105644223,0.02397038,0.016393443,0,,,,0,,39.48007584,0.377398849,43.91969299,4,,39.747715,0.396897584,45.22864532,4,,Tide gate,,1,0,,-124.1580442,43.3284982
9ts5,Umpqua,NA,1,85000,0,0,0,0,0,0,0,1,0,0,0,0.015517272,0,0.001166918,0.108227109,0.023072205,0,0,0.001872517,0.1041858,0.022846596,0.008196721,0,,,,0.357078678,,2.058790684,0.279820055,41.44988632,,,3.570361853,0.391418397,43.10822678,2,,Tide gate,Butler Cr Farms,1,0,,-124.0639667,43.6996
